user_id,date,steps,calories_burned,heart_rate_avg,sleep_hours,activity_type
1,2023-04-02,17330,1396.8,148,9.0,running
2,2023-04-02,3053,401.0,106,6.41,gym_workout
3,2023-04-02,3839,376.0,152,8.83,gym_workout
4,2023-04-02,487,223.0,85,7.81,yoga
5,2023-04-02,7918,556.72,91,7.93,walking
6,2023-04-02,867,731.0,119,9.55,swimming
7,2023-04-02,12023,1523.15,128,9.87,hiking
8,2023-04-02,2924,410.0,122,5.45,gym_workout
9,2023-04-02,19750,1476.0,169,6.84,running
10,2023-04-02,2020,336.0,110,5.67,gym_workout
11,2023-04-02,13920,840.8,100,7.74,walking
12,2023-04-02,4364,455.56,88,7.12,walking
13,2023-04-02,182,297.0,82,9.8,yoga
14,2023-04-02,234,566.0,138,6.75,swimming
15,2023-04-02,323,161.0,96,9.31,yoga
16,2023-04-02,3668,904.8,138,6.39,cycling
17,2023-04-02,988,434.0,132,6.16,swimming
18,2023-04-02,2476,886.0,127,8.94,gym_workout
19,2023-04-02,17572,1541.32,169,6.53,running
20,2023-04-02,7296,865.76,122,7.5,running
21,2023-04-02,21794,1966.7,123,6.51,hiking
22,2023-04-02,11768,1151.08,164,6.81,running
23,2023-04-02,220,614.0,131,9.56,swimming
24,2023-04-02,11467,1041.35,127,4.49,hiking
25,2023-04-02,127,253.0,77,8.09,yoga
26,2023-04-02,19148,1399.4,157,6.02,hiking
27,2023-04-02,295,114.0,79,7.1,yoga
28,2023-04-02,629,752.0,138,6.9,swimming
29,2023-04-02,4440,567.0,124,5.6,gym_workout
30,2023-04-02,3528,770.8,138,6.46,cycling
31,2023-04-02,4160,337.4,82,4.23,walking
32,2023-04-02,4297,1026.7,119,8.6,cycling
33,2023-04-02,2273,704.0,112,7.9,gym_workout
34,2023-04-02,3924,1009.4,134,8.55,cycling
35,2023-04-02,4548,799.0,129,6.45,gym_workout
36,2023-04-02,104,102.0,77,7.75,yoga
37,2023-04-02,552,723.0,139,9.95,swimming
38,2023-04-02,5626,366.04,95,7.55,walking
39,2023-04-02,9856,535.24,76,9.32,walking
40,2023-04-02,9697,962.82,120,9.99,running
41,2023-04-02,766,556.0,130,7.11,swimming
42,2023-04-02,13550,707.0,94,5.94,walking
43,2023-04-02,1588,608.8,109,7.14,cycling
44,2023-04-02,16042,1178.52,160,4.31,running
45,2023-04-02,2940,772.0,112,8.48,cycling
46,2023-04-02,11139,601.56,92,5.41,walking
47,2023-04-02,468,108.0,98,4.12,yoga
48,2023-04-02,14655,1221.3,127,6.8,running
49,2023-04-02,4195,512.0,134,6.92,gym_workout
50,2023-04-02,1573,546.3,140,8.11,cycling
51,2023-04-02,7886,491.44,99,6.86,walking
52,2023-04-02,8465,1289.25,129,4.73,hiking
53,2023-04-02,2474,799.4,133,4.79,cycling
54,2023-04-02,279,441.0,150,5.97,swimming
55,2023-04-02,148,764.0,112,4.25,swimming
56,2023-04-02,15221,1612.05,132,6.16,hiking
57,2023-04-02,14044,1198.64,122,7.07,running
58,2023-04-02,270,672.0,121,8.05,swimming
59,2023-04-02,16422,1516.1,139,9.54,hiking
60,2023-04-02,529,407.0,123,5.82,swimming
61,2023-04-02,449,585.0,122,7.46,swimming
62,2023-04-02,2582,554.0,124,6.61,gym_workout
63,2023-04-02,475,148.0,95,9.74,yoga
64,2023-04-02,132,226.0,76,9.86,yoga
65,2023-04-02,447,103.0,79,8.88,yoga
66,2023-04-02,12774,727.96,101,5.52,walking
67,2023-04-02,11739,1065.95,121,4.15,hiking
68,2023-04-02,107,296.0,71,8.62,yoga
69,2023-04-02,8524,443.96,107,8.34,walking
70,2023-04-02,19074,1418.44,154,9.36,running
71,2023-04-02,14433,856.32,93,8.16,walking
72,2023-04-02,20410,1969.5,156,8.2,hiking
73,2023-04-02,519,312.0,159,5.36,swimming
74,2023-04-02,1297,595.0,141,5.95,gym_workout
75,2023-04-02,20761,1965.05,153,7.75,hiking
76,2023-04-02,741,350.0,139,6.56,swimming
77,2023-04-02,8585,567.4,80,5.64,walking
78,2023-04-02,3147,592.0,126,4.61,gym_workout
79,2023-04-02,13010,741.4,79,5.19,walking
80,2023-04-02,842,323.0,121,5.34,swimming
81,2023-04-02,391,575.0,113,7.08,swimming
82,2023-04-02,534,741.0,127,5.48,swimming
83,2023-04-02,803,579.0,125,9.73,swimming
84,2023-04-02,9346,923.76,153,9.39,running
85,2023-04-02,291,177.0,95,9.53,yoga
86,2023-04-02,456,432.0,147,6.56,swimming
87,2023-04-02,4355,1026.5,141,6.84,cycling
88,2023-04-02,929,575.9,143,5.6,cycling
89,2023-04-02,194,543.0,138,6.5,swimming
90,2023-04-02,357,210.0,68,4.53,yoga
91,2023-04-02,109,250.0,98,8.23,yoga
92,2023-04-02,8901,1011.05,150,9.18,hiking
93,2023-04-02,1402,850.0,103,7.35,gym_workout
94,2023-04-02,126,333.0,113,8.88,swimming
95,2023-04-02,600,510.0,105,5.57,cycling
96,2023-04-02,5179,344.0,149,6.21,gym_workout
97,2023-04-02,8406,820.3,129,9.34,hiking
98,2023-04-02,869,722.9,108,4.04,cycling
99,2023-04-02,209,175.0,66,6.7,yoga
100,2023-04-02,388,797.0,158,7.35,swimming
101,2023-04-02,491,249.0,72,7.78,yoga
102,2023-04-02,6325,369.0,106,8.63,walking
103,2023-04-02,5316,596.96,152,8.2,running
104,2023-04-02,4704,674.0,132,7.26,gym_workout
105,2023-04-02,923,438.3,143,8.35,cycling
106,2023-04-02,4822,301.0,140,5.85,gym_workout
107,2023-04-02,925,786.0,117,5.93,swimming
108,2023-04-02,18122,1609.1,120,4.99,hiking
109,2023-04-02,1020,727.0,125,4.69,cycling
110,2023-04-02,9801,511.04,81,7.79,walking
111,2023-04-02,2561,556.1,112,4.03,cycling
112,2023-04-02,3406,319.0,127,6.37,gym_workout
113,2023-04-02,6660,603.6,122,7.8,running
114,2023-04-02,465,627.0,117,8.57,swimming
115,2023-04-02,5889,623.0,122,7.67,gym_workout
116,2023-04-02,7912,417.48,72,4.82,walking
117,2023-04-02,602,364.0,138,8.86,swimming
118,2023-04-02,2543,784.3,126,7.44,cycling
119,2023-04-02,3425,426.0,135,7.54,gym_workout
120,2023-04-02,9201,574.04,74,8.7,walking
121,2023-04-02,4495,379.8,89,9.01,walking
122,2023-04-02,7311,763.66,162,8.76,running
123,2023-04-02,11748,1039.88,155,9.9,running
124,2023-04-02,4757,415.28,105,8.25,walking
125,2023-04-02,4785,857.5,123,6.84,cycling
126,2023-04-02,14565,1409.25,132,9.37,hiking
127,2023-04-02,11841,1440.05,150,8.09,hiking
128,2023-04-02,6089,481.56,84,8.55,walking
129,2023-04-02,320,234.0,75,6.6,yoga
130,2023-04-02,321,142.0,94,7.65,yoga
131,2023-04-02,4026,340.0,150,7.21,gym_workout
132,2023-04-02,316,266.0,85,6.6,yoga
133,2023-04-02,5871,581.26,126,7.37,running
134,2023-04-02,451,451.0,128,6.48,swimming
135,2023-04-02,4520,1101.0,118,4.63,cycling
136,2023-04-02,1688,483.8,112,4.26,cycling
137,2023-04-02,299,297.0,65,9.69,yoga
138,2023-04-02,11054,1084.7,122,4.39,hiking
139,2023-04-02,3850,859.0,146,5.37,gym_workout
140,2023-04-02,9642,592.68,96,4.02,walking
141,2023-04-02,19876,1444.8,157,6.58,hiking
142,2023-04-02,17658,1375.48,141,6.52,running
143,2023-04-02,2795,353.0,122,8.42,gym_workout
144,2023-04-02,9973,515.92,81,6.02,walking
145,2023-04-02,14675,785.0,96,6.08,walking
146,2023-04-02,496,159.0,63,8.04,yoga
147,2023-04-02,19540,1620.4,138,4.25,running
148,2023-04-02,116,282.0,67,7.84,yoga
149,2023-04-02,755,389.0,114,5.41,swimming
150,2023-04-02,3773,403.0,109,9.76,gym_workout
151,2023-04-02,936,714.0,133,4.36,swimming
152,2023-04-02,644,566.0,141,5.74,swimming
153,2023-04-02,3316,892.0,152,9.37,gym_workout
154,2023-04-02,7542,490.68,75,5.3,walking
155,2023-04-02,10796,1437.8,147,4.97,hiking
156,2023-04-02,1566,614.0,127,9.98,gym_workout
157,2023-04-02,8056,959.36,145,7.97,running
158,2023-04-02,13818,1614.9,145,4.38,hiking
159,2023-04-02,13738,1473.9,155,8.28,hiking
160,2023-04-02,17204,1341.24,120,7.83,running
161,2023-04-02,4571,284.84,77,7.47,walking
162,2023-04-02,914,622.4,140,4.21,cycling
163,2023-04-02,1909,891.0,123,5.86,gym_workout
164,2023-04-02,209,115.0,62,8.92,yoga
165,2023-04-02,742,350.0,129,6.69,swimming
166,2023-04-02,58,280.0,86,6.92,yoga
167,2023-04-02,7021,1106.05,152,7.44,hiking
168,2023-04-02,2923,929.3,137,7.05,cycling
169,2023-04-02,89,185.0,90,5.68,yoga
170,2023-04-02,239,364.0,119,7.69,swimming
171,2023-04-02,481,296.0,93,4.42,yoga
172,2023-04-02,5261,316.44,99,5.28,walking
173,2023-04-02,2172,627.0,134,9.43,gym_workout
174,2023-04-02,23920,2105.0,146,9.02,hiking
175,2023-04-02,11954,1090.7,135,7.71,hiking
176,2023-04-02,8104,519.16,104,5.54,walking
177,2023-04-02,7537,480.48,79,5.01,walking
178,2023-04-02,4938,350.52,83,7.75,walking
179,2023-04-02,2571,612.1,127,8.66,cycling
180,2023-04-02,288,386.0,157,4.44,swimming
181,2023-04-02,8697,1001.85,120,9.13,hiking
182,2023-04-02,773,649.0,156,9.74,swimming
183,2023-04-02,24710,1777.5,129,5.88,hiking
184,2023-04-02,119,120.0,74,4.61,yoga
185,2023-04-02,7842,569.68,90,4.85,walking
186,2023-04-02,11055,1103.3,141,9.19,running
187,2023-04-02,878,779.0,149,6.23,swimming
188,2023-04-02,4374,282.96,80,5.28,walking
189,2023-04-02,24575,1636.75,115,7.01,hiking
190,2023-04-02,11332,664.28,92,6.11,walking
191,2023-04-02,17019,1240.14,141,9.07,running
192,2023-04-02,189,621.0,139,7.78,swimming
193,2023-04-02,5823,745.0,116,8.72,gym_workout
194,2023-04-02,1202,572.2,145,9.2,cycling
195,2023-04-02,116,233.0,73,4.45,yoga
196,2023-04-02,4361,1047.1,146,6.43,cycling
197,2023-04-02,242,577.0,150,7.37,swimming
198,2023-04-02,565,517.0,158,6.87,swimming
199,2023-04-02,18212,1438.72,161,7.28,running
200,2023-04-02,7754,506.16,90,4.83,walking
201,2023-04-02,489,575.0,112,8.81,swimming
202,2023-04-02,15551,1420.06,149,9.47,running
203,2023-04-02,21803,2017.15,127,5.9,hiking
204,2023-04-02,8967,1101.35,113,4.64,hiking
205,2023-04-02,3220,389.8,102,4.8,walking
206,2023-04-02,430,113.0,69,6.88,yoga
207,2023-04-02,5224,391.0,125,8.33,gym_workout
208,2023-04-02,164,211.0,67,9.6,yoga
209,2023-04-02,2535,665.0,158,8.14,gym_workout
210,2023-04-02,16268,1767.4,153,9.45,hiking
211,2023-04-02,13271,1331.55,154,6.6,hiking
212,2023-04-02,3379,317.0,133,4.59,gym_workout
213,2023-04-02,19107,1487.35,124,9.12,hiking
214,2023-04-02,598,603.0,139,6.68,swimming
215,2023-04-02,14530,1373.5,119,9.59,hiking
216,2023-04-02,848,331.0,116,6.72,swimming
217,2023-04-02,3191,317.0,123,4.8,gym_workout
218,2023-04-02,1109,587.9,115,4.7,cycling
219,2023-04-02,638,725.0,139,5.69,swimming
220,2023-04-02,14021,671.84,78,8.1,walking
221,2023-04-02,9424,1064.2,147,8.95,hiking
222,2023-04-02,6887,463.48,81,4.81,walking
223,2023-04-02,3492,555.0,120,5.59,gym_workout
224,2023-04-02,239,215.0,90,6.6,yoga
225,2023-04-02,4470,545.0,136,5.16,gym_workout
226,2023-04-02,3449,806.0,159,4.17,gym_workout
227,2023-04-02,927,761.7,136,4.87,cycling
228,2023-04-02,14201,1625.05,117,4.82,hiking
229,2023-04-02,12186,751.44,96,6.93,walking
230,2023-04-02,21959,1565.95,146,9.56,hiking
231,2023-04-02,10802,904.12,126,7.37,running
232,2023-04-02,103,329.0,129,7.12,swimming
233,2023-04-02,3270,370.0,104,9.74,gym_workout
234,2023-04-02,7859,1194.95,143,6.86,hiking
235,2023-04-02,512,580.0,131,8.45,swimming
236,2023-04-02,2359,871.9,101,8.58,cycling
237,2023-04-02,284,581.0,113,8.14,swimming
238,2023-04-02,563,798.0,150,6.9,swimming
239,2023-04-02,419,212.0,99,9.11,yoga
240,2023-04-02,3020,741.0,121,4.24,cycling
241,2023-04-02,463,663.0,125,4.26,swimming
242,2023-04-02,15480,1239.0,137,7.34,hiking
243,2023-04-02,7514,874.7,123,5.82,hiking
244,2023-04-02,8853,602.12,74,6.38,walking
245,2023-04-02,4884,807.4,127,4.96,cycling
246,2023-04-02,2107,484.0,156,6.87,gym_workout
247,2023-04-02,19855,1714.75,145,9.13,hiking
248,2023-04-02,1656,487.6,105,8.8,cycling
249,2023-04-02,15171,1379.55,110,9.64,hiking
250,2023-04-02,4216,1059.6,104,8.36,cycling
251,2023-04-02,230,688.0,158,6.16,swimming
252,2023-04-02,21073,2035.65,123,4.76,hiking
253,2023-04-02,4783,683.0,143,5.09,gym_workout
254,2023-04-02,342,138.0,86,8.06,yoga
255,2023-04-02,4687,850.7,131,7.94,cycling
256,2023-04-02,17592,1269.52,145,8.18,running
257,2023-04-02,709,540.0,110,6.66,swimming
258,2023-04-02,112,205.0,81,7.34,yoga
259,2023-04-02,16247,1377.82,156,8.48,running
260,2023-04-02,182,433.0,132,5.69,swimming
261,2023-04-02,10230,1086.5,112,4.68,hiking
262,2023-04-02,184,143.0,74,5.67,yoga
263,2023-04-02,12078,950.68,151,6.89,running
264,2023-04-02,8892,946.52,126,8.2,running
265,2023-04-02,10517,1420.85,140,4.61,hiking
266,2023-04-02,183,189.0,61,8.83,yoga
267,2023-04-02,15491,1677.55,114,7.12,hiking
268,2023-04-02,16889,1239.34,158,6.46,running
269,2023-04-02,1196,562.6,109,8.28,cycling
270,2023-04-02,444,768.0,142,8.9,swimming
271,2023-04-02,155,156.0,91,7.93,yoga
272,2023-04-02,12070,1159.2,147,7.68,running
273,2023-04-02,7489,1198.45,142,4.67,hiking
274,2023-04-02,12879,1145.74,121,7.06,running
275,2023-04-02,3258,660.8,149,4.72,cycling
276,2023-04-02,332,227.0,74,5.78,yoga
277,2023-04-02,309,463.0,157,5.0,swimming
278,2023-04-02,11889,1095.34,126,8.6,running
279,2023-04-02,6507,825.42,158,6.34,running
280,2023-04-02,1662,606.0,142,8.02,gym_workout
281,2023-04-02,19888,1577.28,153,7.8,running
282,2023-04-02,1415,412.0,140,6.29,gym_workout
283,2023-04-02,978,410.0,156,4.73,swimming
284,2023-04-02,3276,644.6,119,6.4,cycling
285,2023-04-02,4279,430.16,90,5.69,walking
286,2023-04-02,10695,578.8,101,8.21,walking
287,2023-04-02,1764,739.4,134,9.65,cycling
288,2023-04-02,1038,627.8,145,8.08,cycling
289,2023-04-02,388,131.0,80,7.85,yoga
290,2023-04-02,3796,787.0,142,9.1,gym_workout
291,2023-04-02,20791,1971.55,151,4.16,hiking
292,2023-04-02,13435,1249.75,127,7.71,hiking
293,2023-04-02,22926,1865.3,110,8.95,hiking
294,2023-04-02,9379,842.74,120,6.05,running
295,2023-04-02,3209,747.9,116,4.99,cycling
296,2023-04-02,14477,819.08,70,4.67,walking
297,2023-04-02,866,708.0,128,8.94,swimming
298,2023-04-02,131,170.0,66,5.79,yoga
299,2023-04-02,19684,1415.2,117,6.83,hiking
300,2023-04-02,1706,804.6,132,8.89,cycling
301,2023-04-02,4857,1152.7,138,6.87,cycling
302,2023-04-02,1443,689.3,137,7.37,cycling
303,2023-04-02,65,156.0,80,6.97,yoga
304,2023-04-02,4127,1083.7,141,4.48,cycling
305,2023-04-02,4870,774.0,113,5.37,gym_workout
306,2023-04-02,3193,543.0,159,7.21,gym_workout
307,2023-04-02,9665,1169.25,138,9.49,hiking
308,2023-04-02,498,125.0,71,9.25,yoga
309,2023-04-02,811,520.0,115,4.7,swimming
310,2023-04-02,5386,570.0,122,6.71,gym_workout
311,2023-04-02,3101,411.0,153,4.88,gym_workout
312,2023-04-02,4167,1071.7,112,8.62,cycling
313,2023-04-02,529,690.9,125,5.74,cycling
314,2023-04-02,898,667.0,130,7.23,swimming
315,2023-04-02,97,144.0,98,7.18,yoga
316,2023-04-02,462,210.0,64,8.19,yoga
317,2023-04-02,10060,1091.6,153,8.98,running
318,2023-04-02,8404,593.16,74,7.23,walking
319,2023-04-02,5849,348.0,137,5.52,gym_workout
320,2023-04-02,6908,520.32,79,8.44,walking
321,2023-04-02,4104,452.16,72,7.37,walking
322,2023-04-02,3547,828.7,109,6.8,cycling
323,2023-04-02,476,325.0,119,6.47,swimming
324,2023-04-02,634,732.0,115,6.76,swimming
325,2023-04-02,7113,545.52,96,7.19,walking
326,2023-04-02,22439,1885.95,141,5.67,hiking
327,2023-04-02,4813,869.3,115,6.8,cycling
328,2023-04-02,6939,620.34,136,6.01,running
329,2023-04-02,1976,824.6,138,4.06,cycling
330,2023-04-02,7976,567.04,79,7.03,walking
331,2023-04-02,331,103.0,86,9.3,yoga
332,2023-04-02,799,336.0,146,10.0,swimming
333,2023-04-02,13693,1659.65,135,4.03,hiking
334,2023-04-02,13252,1080.6,149,9.54,hiking
335,2023-04-02,13923,734.92,82,5.23,walking
336,2023-04-02,1257,739.0,116,9.1,gym_workout
337,2023-04-02,19317,1880.85,119,8.03,hiking
338,2023-04-02,12723,767.92,101,6.11,walking
339,2023-04-02,5921,714.26,166,6.97,running
340,2023-04-02,6606,533.24,72,4.24,walking
341,2023-04-02,363,151.0,83,4.98,yoga
342,2023-04-02,8613,1379.65,125,7.72,hiking
343,2023-04-02,2645,433.0,141,4.15,gym_workout
344,2023-04-02,303,187.0,99,5.5,yoga
345,2023-04-02,526,793.0,144,7.13,swimming
346,2023-04-02,3581,540.0,105,9.76,gym_workout
347,2023-04-02,960,620.0,155,4.7,swimming
348,2023-04-02,10072,979.6,116,7.96,hiking
349,2023-04-02,14006,1226.36,145,6.42,running
350,2023-04-02,4308,377.0,137,4.83,gym_workout
351,2023-04-02,818,670.0,120,9.24,swimming
352,2023-04-02,9859,658.36,75,6.89,walking
353,2023-04-02,144,137.0,76,4.67,yoga
354,2023-04-02,782,396.0,159,6.0,swimming
355,2023-04-02,3151,706.0,155,4.28,gym_workout
356,2023-04-02,68,206.0,73,8.8,yoga
357,2023-04-02,3555,762.5,114,4.46,cycling
358,2023-04-02,2633,468.0,145,5.25,gym_workout
359,2023-04-02,342,252.0,68,6.45,yoga
360,2023-04-02,462,506.0,135,9.89,swimming
361,2023-04-02,4873,425.0,136,8.71,gym_workout
362,2023-04-02,7610,778.6,165,7.65,running
363,2023-04-02,14586,834.44,72,7.26,walking
364,2023-04-02,13393,1162.58,126,8.76,running
365,2023-04-02,7267,1237.35,147,9.09,hiking
366,2023-04-02,9240,495.6,108,5.46,walking
367,2023-04-02,66,201.0,74,6.93,yoga
368,2023-04-02,2191,461.0,123,7.64,gym_workout
369,2023-04-02,186,186.0,80,6.3,yoga
370,2023-04-02,118,270.0,67,9.0,yoga
371,2023-04-02,23683,1886.15,113,8.46,hiking
372,2023-04-02,480,159.0,69,4.88,yoga
373,2023-04-02,4152,383.08,101,7.97,walking
374,2023-04-02,14954,1367.24,126,4.97,running
375,2023-04-02,397,628.0,133,8.03,swimming
376,2023-04-02,2774,781.0,101,8.53,gym_workout
377,2023-04-02,695,478.5,111,4.13,cycling
378,2023-04-02,21768,1545.4,113,5.98,hiking
379,2023-04-02,2527,859.7,126,5.74,cycling
380,2023-04-02,4621,599.0,134,5.93,gym_workout
381,2023-04-02,20444,1757.2,137,5.47,hiking
382,2023-04-02,16574,1244.7,114,9.65,hiking
383,2023-04-02,293,122.0,87,6.74,yoga
384,2023-04-02,8945,1259.25,135,8.58,hiking
385,2023-04-02,3564,673.4,107,4.15,cycling
386,2023-04-02,561,534.0,142,6.03,swimming
387,2023-04-02,976,769.6,138,8.14,cycling
388,2023-04-02,10848,622.92,78,5.75,walking
389,2023-04-02,4755,482.2,80,6.49,walking
390,2023-04-02,533,385.0,138,7.26,swimming
391,2023-04-02,6340,785.4,165,8.94,running
392,2023-04-02,5331,710.0,124,5.83,gym_workout
393,2023-04-02,5235,545.0,147,4.68,gym_workout
394,2023-04-02,4762,845.0,141,4.25,gym_workout
395,2023-04-02,6807,467.28,100,4.63,walking
396,2023-04-02,14026,1081.56,151,8.56,running
397,2023-04-02,4928,965.8,115,9.59,cycling
398,2023-04-02,5879,429.16,81,6.2,walking
399,2023-04-02,24726,1712.3,129,4.28,hiking
400,2023-04-02,545,537.0,136,4.0,swimming
401,2023-04-02,808,744.0,117,4.43,swimming
402,2023-04-02,8537,981.22,132,9.23,running
403,2023-04-02,4940,1060.0,121,6.4,cycling
404,2023-04-02,1060,413.0,157,7.62,gym_workout
405,2023-04-02,1107,802.0,131,7.12,gym_workout
406,2023-04-02,11853,596.12,83,8.44,walking
407,2023-04-02,421,216.0,61,7.54,yoga
408,2023-04-02,5020,322.0,142,4.79,gym_workout
409,2023-04-02,3124,888.4,106,4.2,cycling
410,2023-04-02,238,216.0,91,8.44,yoga
411,2023-04-02,12979,1256.95,158,8.0,hiking
412,2023-04-02,815,305.0,112,9.19,swimming
413,2023-04-02,1126,722.6,100,6.83,cycling
414,2023-04-02,7669,701.14,159,5.15,running
415,2023-04-02,17536,1252.16,143,9.05,running
416,2023-04-02,186,501.0,119,7.02,swimming
417,2023-04-02,10583,955.98,169,8.32,running
418,2023-04-02,10324,1125.2,121,8.06,hiking
419,2023-04-02,98,153.0,60,7.13,yoga
420,2023-04-02,1989,573.9,140,5.73,cycling
421,2023-04-02,7416,865.8,144,7.5,hiking
422,2023-04-02,88,251.0,68,9.93,yoga
423,2023-04-02,698,557.8,118,5.82,cycling
424,2023-04-02,6982,692.92,166,6.47,running
425,2023-04-02,18443,1392.58,126,9.33,running
426,2023-04-02,11252,702.08,76,4.44,walking
427,2023-04-02,10050,1132.5,113,5.68,hiking
428,2023-04-02,5892,517.68,78,4.26,walking
429,2023-04-02,17316,1514.8,127,9.81,hiking
430,2023-04-02,306,241.0,61,4.88,yoga
431,2023-04-02,3924,865.4,105,5.73,cycling
432,2023-04-02,460,332.0,117,8.57,swimming
433,2023-04-02,9937,659.48,89,5.4,walking
434,2023-04-02,5231,751.86,124,5.1,running
435,2023-04-02,7148,464.92,102,8.97,walking
436,2023-04-02,261,237.0,60,8.79,yoga
437,2023-04-02,15713,1633.65,122,4.34,hiking
438,2023-04-02,3380,425.0,103,7.2,gym_workout
439,2023-04-02,951,609.1,115,8.6,cycling
440,2023-04-02,19610,1845.5,125,8.8,hiking
441,2023-04-02,1756,633.0,132,7.29,gym_workout
442,2023-04-02,14694,1585.7,130,4.73,hiking
443,2023-04-02,483,591.0,119,4.66,swimming
444,2023-04-02,426,127.0,75,8.51,yoga
445,2023-04-02,7978,988.9,112,9.17,hiking
446,2023-04-02,19414,1482.7,131,6.46,hiking
447,2023-04-02,11589,640.56,95,8.73,walking
448,2023-04-02,5920,629.0,102,4.59,gym_workout
449,2023-04-02,14875,1247.5,152,4.58,running
450,2023-04-02,18793,1611.58,128,4.42,running
451,2023-04-02,7498,1087.9,128,9.65,hiking
452,2023-04-02,3439,679.9,104,6.07,cycling
453,2023-04-02,156,132.0,71,9.51,yoga
454,2023-04-02,19378,1510.9,138,4.08,hiking
455,2023-04-02,9198,1005.88,128,9.78,running
456,2023-04-02,4906,683.0,139,8.77,gym_workout
457,2023-04-02,878,310.0,115,7.89,swimming
458,2023-04-02,70,144.0,98,7.23,yoga
459,2023-04-02,6229,501.16,76,7.98,walking
460,2023-04-02,4131,1090.1,145,8.77,cycling
461,2023-04-02,17679,1523.95,129,5.17,hiking
462,2023-04-02,1988,415.0,124,8.9,gym_workout
463,2023-04-02,130,634.0,140,8.11,swimming
464,2023-04-02,19015,1672.75,155,8.1,hiking
465,2023-04-02,11463,1051.78,164,6.51,running
466,2023-04-02,9203,1136.15,148,8.71,hiking
467,2023-04-02,918,551.0,126,5.7,swimming
468,2023-04-02,6863,562.52,98,4.04,walking
469,2023-04-02,2928,848.0,112,7.99,gym_workout
470,2023-04-02,13153,1084.18,137,4.47,running
471,2023-04-02,11828,634.12,107,8.07,walking
472,2023-04-02,14929,1149.74,131,9.52,running
473,2023-04-02,130,201.0,61,8.33,yoga
474,2023-04-02,9872,546.88,73,6.24,walking
475,2023-04-02,2759,644.9,133,4.53,cycling
476,2023-04-02,475,135.0,82,7.86,yoga
477,2023-04-02,1956,377.0,125,7.32,gym_workout
478,2023-04-02,1117,332.0,122,7.7,gym_workout
479,2023-04-02,18003,1402.15,113,7.58,hiking
480,2023-04-02,2081,333.0,128,5.44,gym_workout
481,2023-04-02,5280,571.8,120,5.58,running
482,2023-04-02,9011,1041.55,126,8.07,hiking
483,2023-04-02,9513,994.65,159,6.55,hiking
484,2023-04-02,7716,511.64,88,7.65,walking
485,2023-04-02,8729,570.16,100,8.48,walking
486,2023-04-02,4204,656.0,128,9.05,gym_workout
487,2023-04-02,21999,2061.95,144,9.16,hiking
488,2023-04-02,189,520.0,132,6.87,swimming
489,2023-04-02,168,133.0,87,4.86,yoga
490,2023-04-02,11422,611.88,97,7.04,walking
491,2023-04-02,13196,1025.76,144,9.09,running
492,2023-04-02,2815,936.5,142,6.34,cycling
493,2023-04-02,2026,885.0,107,9.87,gym_workout
494,2023-04-02,12128,1193.68,148,8.74,running
495,2023-04-02,76,240.0,69,7.17,yoga
496,2023-04-02,5966,713.0,103,6.88,gym_workout
497,2023-04-02,1020,491.0,115,7.53,cycling
498,2023-04-02,8865,973.25,144,8.93,hiking
499,2023-04-02,572,492.0,111,5.53,swimming
500,2023-04-02,11167,1057.35,142,9.32,hiking
501,2023-04-02,4202,944.2,118,7.62,cycling
502,2023-04-02,3365,709.0,120,6.63,gym_workout
503,2023-04-02,5152,450.0,131,7.69,gym_workout
504,2023-04-02,330,772.0,149,4.02,swimming
505,2023-04-02,8024,930.44,140,5.57,running
506,2023-04-02,9478,798.68,159,5.69,running
507,2023-04-02,22918,2008.9,126,4.14,hiking
508,2023-04-02,16854,1432.24,152,9.04,running
509,2023-04-02,4881,342.0,155,6.16,gym_workout
510,2023-04-02,17358,1402.9,114,5.02,hiking
511,2023-04-02,3477,845.7,140,4.32,cycling
512,2023-04-02,1030,687.0,137,7.74,gym_workout
513,2023-04-02,1905,684.5,146,8.75,cycling
514,2023-04-02,3348,802.8,123,5.05,cycling
515,2023-04-02,1129,777.0,104,4.88,gym_workout
516,2023-04-02,518,553.0,131,9.51,swimming
517,2023-04-02,3950,374.0,96,9.85,walking
518,2023-04-02,6589,638.34,137,7.24,running
519,2023-04-02,4372,450.88,102,4.66,walking
520,2023-04-02,388,369.0,133,8.53,swimming
521,2023-04-02,10452,703.08,71,9.22,walking
522,2023-04-02,3971,683.0,123,8.88,gym_workout
523,2023-04-02,1530,813.0,100,6.64,cycling
524,2023-04-02,152,157.0,94,6.2,yoga
525,2023-04-02,770,340.0,126,9.82,swimming
526,2023-04-02,933,693.0,131,6.0,swimming
527,2023-04-02,3504,451.0,140,6.02,gym_workout
528,2023-04-02,13073,1620.65,133,5.56,hiking
529,2023-04-02,10526,613.04,78,6.5,walking
530,2023-04-02,3484,836.0,138,7.88,gym_workout
531,2023-04-02,865,519.0,122,6.55,swimming
532,2023-04-02,18707,1886.35,117,6.98,hiking
533,2023-04-02,5116,584.0,152,6.25,gym_workout
534,2023-04-02,4683,562.0,112,5.83,gym_workout
535,2023-04-02,4412,773.2,121,8.38,cycling
536,2023-04-02,13617,733.68,84,4.44,walking
537,2023-04-02,118,783.0,157,5.0,swimming
538,2023-04-02,12939,1188.34,151,9.34,running
539,2023-04-02,62,113.0,67,4.18,yoga
540,2023-04-02,12944,727.76,90,8.53,walking
541,2023-04-02,7154,1139.7,143,4.16,hiking
542,2023-04-02,7965,904.9,149,7.3,running
543,2023-04-02,280,276.0,77,7.13,yoga
544,2023-04-02,14891,1194.55,145,5.57,hiking
545,2023-04-02,19614,1796.7,124,5.43,hiking
546,2023-04-02,13169,1202.45,153,9.79,hiking
547,2023-04-02,11037,1014.22,121,6.27,running
548,2023-04-02,379,242.0,75,6.14,yoga
549,2023-04-02,541,370.0,137,6.43,swimming
550,2023-04-02,110,267.0,69,9.7,yoga
551,2023-04-02,3675,589.0,144,8.06,gym_workout
552,2023-04-02,959,440.9,121,5.48,cycling
553,2023-04-02,864,388.0,124,5.78,swimming
554,2023-04-02,14574,1474.7,120,5.44,hiking
555,2023-04-02,262,283.0,97,5.86,yoga
556,2023-04-02,423,577.0,159,9.24,swimming
557,2023-04-02,3805,1074.5,124,9.75,cycling
558,2023-04-02,12295,1383.75,120,4.89,hiking
559,2023-04-02,7362,728.72,137,4.97,running
560,2023-04-02,499,261.0,89,5.82,yoga
561,2023-04-02,844,609.0,140,6.55,swimming
562,2023-04-02,4809,391.36,79,9.85,walking
563,2023-04-02,3119,851.9,146,9.83,cycling
564,2023-04-02,3439,831.0,121,6.8,gym_workout
565,2023-04-02,876,642.0,133,6.5,swimming
566,2023-04-02,5820,340.8,93,5.83,walking
567,2023-04-02,622,482.0,145,4.43,swimming
568,2023-04-02,581,697.0,111,5.02,swimming
569,2023-04-02,4979,976.9,116,5.71,cycling
570,2023-04-02,646,389.0,159,8.88,swimming
571,2023-04-02,23873,2013.65,140,5.18,hiking
572,2023-04-02,19415,1450.9,157,5.98,running
573,2023-04-02,2826,610.6,123,4.91,cycling
574,2023-04-02,879,342.0,138,9.26,swimming
575,2023-04-02,19819,1931.95,146,8.54,hiking
576,2023-04-02,17301,1281.06,137,6.18,running
577,2023-04-02,12553,1251.18,120,6.34,running
578,2023-04-02,181,120.0,89,4.86,yoga
579,2023-04-02,13590,1059.4,120,8.15,running
580,2023-04-02,978,568.8,103,7.2,cycling
581,2023-04-02,11877,1175.85,130,5.59,hiking
582,2023-04-02,303,511.0,129,7.47,swimming
583,2023-04-02,15233,1272.98,164,4.86,running
584,2023-04-02,10083,824.98,161,5.44,running
585,2023-04-02,1126,538.0,157,9.76,gym_workout
586,2023-04-02,253,191.0,95,5.89,yoga
587,2023-04-02,4713,779.0,102,9.24,gym_workout
588,2023-04-02,198,295.0,82,9.19,yoga
589,2023-04-02,62,252.0,99,5.0,yoga
590,2023-04-02,4551,985.1,122,6.32,cycling
591,2023-04-02,14081,1230.05,159,5.59,hiking
592,2023-04-02,18939,1637.95,153,7.77,hiking
593,2023-04-02,498,777.0,112,4.51,swimming
594,2023-04-02,1672,355.0,155,8.66,gym_workout
595,2023-04-02,2987,984.7,126,4.01,cycling
596,2023-04-02,321,145.0,99,7.27,yoga
597,2023-04-02,10512,550.48,99,6.01,walking
598,2023-04-02,890,770.0,115,5.34,cycling
599,2023-04-02,945,633.5,132,9.07,cycling
600,2023-04-02,11864,1296.2,128,8.73,hiking
601,2023-04-02,615,389.0,130,5.16,swimming
602,2023-04-02,4956,868.6,124,7.76,cycling
603,2023-04-02,17199,1434.94,128,6.21,running
604,2023-04-02,2155,518.5,120,8.72,cycling
605,2023-04-02,4970,475.0,153,5.88,gym_workout
606,2023-04-02,13775,805.0,89,6.23,walking
607,2023-04-02,15835,1413.1,160,8.43,running
608,2023-04-02,12565,1229.9,131,9.51,running
609,2023-04-02,331,226.0,75,6.88,yoga
610,2023-04-02,6904,498.16,97,4.42,walking
611,2023-04-02,500,343.0,145,6.04,swimming
612,2023-04-02,1211,658.1,138,6.81,cycling
613,2023-04-02,12867,663.68,94,8.52,walking
614,2023-04-02,11344,885.64,120,9.32,running
615,2023-04-02,7753,742.18,138,6.39,running
616,2023-04-02,430,258.0,71,8.9,yoga
617,2023-04-02,134,169.0,65,9.48,yoga
618,2023-04-02,4401,790.1,121,7.42,cycling
619,2023-04-02,5042,607.52,135,8.25,running
620,2023-04-02,990,522.0,155,5.21,swimming
621,2023-04-02,141,777.0,112,4.73,swimming
622,2023-04-02,2129,505.0,116,4.68,gym_workout
623,2023-04-02,460,725.0,146,8.62,swimming
624,2023-04-02,12006,774.24,109,6.09,walking
625,2023-04-02,22242,1598.1,151,9.86,hiking
626,2023-04-02,19819,1986.95,125,4.58,hiking
627,2023-04-02,383,237.0,84,8.09,yoga
628,2023-04-02,948,706.8,127,5.47,cycling
629,2023-04-02,221,102.0,97,8.67,yoga
630,2023-04-02,579,735.9,101,7.29,cycling
631,2023-04-02,2969,409.0,100,4.15,gym_workout
632,2023-04-02,413,208.0,97,4.11,yoga
633,2023-04-02,177,764.0,113,4.27,swimming
634,2023-04-02,1936,883.0,133,7.07,gym_workout
635,2023-04-02,491,174.0,92,8.92,yoga
636,2023-04-02,322,291.0,82,6.94,yoga
637,2023-04-02,17663,1532.78,163,7.69,running
638,2023-04-02,23899,1703.95,115,8.39,hiking
639,2023-04-02,3377,830.7,122,9.48,cycling
640,2023-04-02,14797,1492.85,112,4.38,hiking
641,2023-04-02,262,272.0,80,7.12,yoga
642,2023-04-02,13657,794.28,75,6.36,walking
643,2023-04-02,50,182.0,65,9.19,yoga
644,2023-04-02,278,295.0,83,6.54,yoga
645,2023-04-02,567,544.0,127,4.64,swimming
646,2023-04-02,679,402.0,123,6.88,swimming
647,2023-04-02,987,746.0,149,7.84,swimming
648,2023-04-02,23809,1786.45,152,4.93,hiking
649,2023-04-02,817,729.0,144,6.84,swimming
650,2023-04-02,132,113.0,89,8.06,yoga
651,2023-04-02,271,151.0,68,5.02,yoga
652,2023-04-02,2964,923.4,109,7.38,cycling
653,2023-04-02,5836,411.0,102,5.16,gym_workout
654,2023-04-02,7487,1043.35,117,4.22,hiking
655,2023-04-02,3825,429.0,94,5.86,walking
656,2023-04-02,4743,1035.3,116,7.7,cycling
657,2023-04-02,456,756.0,152,5.83,swimming
658,2023-04-02,1729,597.9,145,6.17,cycling
659,2023-04-02,5162,818.0,144,6.25,gym_workout
660,2023-04-02,443,258.0,93,7.51,yoga
661,2023-04-02,2598,566.8,136,4.73,cycling
662,2023-04-02,920,328.0,148,8.15,swimming
663,2023-04-02,3308,294.32,107,4.8,walking
664,2023-04-02,19000,1561.0,152,4.4,hiking
665,2023-04-02,4472,637.0,121,7.98,gym_workout
666,2023-04-02,3366,655.0,122,5.19,gym_workout
667,2023-04-02,368,400.0,139,6.48,swimming
668,2023-04-02,851,514.0,142,6.45,swimming
669,2023-04-02,14931,829.24,102,6.27,walking
670,2023-04-02,16013,1583.65,133,7.05,hiking
671,2023-04-02,10351,974.06,136,4.22,running
672,2023-04-02,2595,839.5,117,8.86,cycling
673,2023-04-02,1253,813.0,147,8.01,gym_workout
674,2023-04-02,7134,484.36,100,5.93,walking
675,2023-04-02,504,449.0,152,6.73,swimming
676,2023-04-02,2521,579.0,106,7.48,gym_workout
677,2023-04-02,3214,677.4,103,8.34,cycling
678,2023-04-02,600,570.0,114,8.46,cycling
679,2023-04-02,7673,1303.65,118,8.97,hiking
680,2023-04-02,23878,1965.9,141,9.36,hiking
681,2023-04-02,16235,1645.75,148,9.6,hiking
682,2023-04-02,94,222.0,92,7.87,yoga
683,2023-04-02,14082,1176.1,124,4.22,hiking
684,2023-04-02,5541,382.0,106,5.33,gym_workout
685,2023-04-02,323,279.0,73,5.43,yoga
686,2023-04-02,3851,1061.1,108,4.37,cycling
687,2023-04-02,2526,341.0,120,5.73,gym_workout
688,2023-04-02,125,174.0,67,7.58,yoga
689,2023-04-02,9334,988.7,154,6.31,hiking
690,2023-04-02,8076,870.56,152,6.16,running
691,2023-04-02,2940,492.0,110,8.27,gym_workout
692,2023-04-02,15786,1324.16,142,4.35,running
693,2023-04-02,12383,953.98,130,5.08,running
694,2023-04-02,2919,831.9,122,9.13,cycling
695,2023-04-02,4307,426.28,89,6.32,walking
696,2023-04-02,16800,1567.0,111,4.47,hiking
697,2023-04-02,10279,1139.95,159,7.66,hiking
698,2023-04-02,6199,482.96,94,6.81,walking
699,2023-04-02,12842,667.68,104,8.16,walking
700,2023-04-02,817,380.0,145,8.42,swimming
701,2023-04-02,1366,415.0,102,6.64,gym_workout
702,2023-04-02,17624,1669.2,114,6.49,hiking
703,2023-04-02,503,638.0,154,7.22,swimming
704,2023-04-02,9516,591.64,70,5.67,walking
705,2023-04-02,13490,1215.4,158,5.76,running
706,2023-04-02,10480,924.8,160,6.3,running
707,2023-04-02,303,245.0,65,9.91,yoga
708,2023-04-02,13471,701.84,88,5.86,walking
709,2023-04-02,2309,309.0,156,6.48,gym_workout
710,2023-04-02,19120,1708.0,134,7.94,hiking
711,2023-04-02,19849,1978.45,138,8.17,hiking
712,2023-04-02,573,780.0,139,9.46,swimming
713,2023-04-02,433,494.0,159,5.67,swimming
714,2023-04-02,813,608.0,132,4.58,swimming
715,2023-04-02,723,306.0,124,5.04,swimming
716,2023-04-02,487,637.0,123,8.65,swimming
717,2023-04-02,7576,753.56,163,4.77,running
718,2023-04-02,4130,749.0,108,9.67,cycling
719,2023-04-02,488,369.0,147,6.0,swimming
720,2023-04-02,7680,1346.0,138,4.92,hiking
721,2023-04-02,10070,670.8,77,7.83,walking
722,2023-04-02,5277,449.08,76,6.2,walking
723,2023-04-02,5319,540.0,137,7.19,gym_workout
724,2023-04-02,3198,737.0,115,4.44,gym_workout
725,2023-04-02,1957,660.0,138,6.18,gym_workout
726,2023-04-02,91,187.0,76,5.47,yoga
727,2023-04-02,3759,357.0,147,7.48,gym_workout
728,2023-04-02,103,217.0,76,4.04,yoga
729,2023-04-02,4668,807.8,122,8.15,cycling
730,2023-04-02,3209,635.9,142,8.83,cycling
731,2023-04-02,2700,829.0,124,5.44,cycling
732,2023-04-02,3684,496.0,156,7.35,gym_workout
733,2023-04-02,2435,615.5,124,9.82,cycling
734,2023-04-02,11841,1293.05,112,9.74,hiking
735,2023-04-02,2572,545.0,106,9.76,gym_workout
736,2023-04-02,849,521.0,130,9.76,swimming
737,2023-04-02,464,234.0,65,4.14,yoga
738,2023-04-02,1231,629.0,131,5.47,gym_workout
739,2023-04-02,618,733.8,118,6.0,cycling
740,2023-04-02,620,620.0,121,9.86,cycling
741,2023-04-02,416,195.0,63,5.17,yoga
742,2023-04-02,3695,1033.5,138,8.94,cycling
743,2023-04-02,1274,823.4,138,9.2,cycling
744,2023-04-02,491,234.0,71,6.66,yoga
745,2023-04-02,24515,2008.75,147,4.61,hiking
746,2023-04-02,838,518.0,110,9.42,swimming
747,2023-04-02,4003,781.3,131,9.73,cycling
748,2023-04-02,14255,824.2,93,4.58,walking
749,2023-04-02,9992,527.68,95,9.15,walking
750,2023-04-02,8726,966.3,121,6.78,hiking
751,2023-04-02,275,243.0,70,7.11,yoga
752,2023-04-02,3991,1030.1,101,6.83,cycling
753,2023-04-02,11472,1058.6,157,5.66,hiking
754,2023-04-02,5086,541.0,152,4.85,gym_workout
755,2023-04-02,3882,277.28,86,5.28,walking
756,2023-04-02,645,779.0,119,6.33,swimming
757,2023-04-02,196,125.0,70,9.51,yoga
758,2023-04-02,769,390.0,146,9.24,swimming
759,2023-04-02,3311,366.44,77,4.49,walking
760,2023-04-02,5487,466.48,105,6.28,walking
761,2023-04-02,3129,935.9,134,9.9,cycling
762,2023-04-02,11754,1056.24,135,8.2,running
763,2023-04-02,775,721.0,148,4.75,swimming
764,2023-04-02,3454,691.4,145,6.87,cycling
765,2023-04-02,372,122.0,71,4.09,yoga
766,2023-04-02,3638,692.8,141,9.69,cycling
767,2023-04-02,7061,808.05,130,7.18,hiking
768,2023-04-02,9414,663.56,85,9.84,walking
769,2023-04-02,12172,673.88,73,6.52,walking
770,2023-04-02,13170,1323.5,148,6.58,hiking
771,2023-04-02,4042,330.68,99,5.84,walking
772,2023-04-02,9286,560.44,79,7.7,walking
773,2023-04-02,12345,1269.25,154,8.15,hiking
774,2023-04-02,3482,773.0,157,6.64,gym_workout
775,2023-04-02,401,268.0,87,8.18,yoga
776,2023-04-02,8941,927.46,127,6.99,running
777,2023-04-02,92,274.0,96,8.15,yoga
778,2023-04-02,11232,1069.92,146,4.96,running
779,2023-04-02,11803,1131.15,141,7.17,hiking
780,2023-04-02,2374,355.0,121,7.92,gym_workout
781,2023-04-02,17300,1476.0,140,8.23,running
782,2023-04-02,1589,353.0,125,6.31,gym_workout
783,2023-04-02,2883,721.3,133,8.23,cycling
784,2023-04-02,12713,1133.78,144,8.42,running
785,2023-04-02,19535,1422.1,125,5.04,running
786,2023-04-02,585,378.5,118,4.01,cycling
787,2023-04-02,233,228.0,98,6.3,yoga
788,2023-04-02,12063,724.52,82,7.57,walking
789,2023-04-02,361,541.0,147,4.14,swimming
790,2023-04-02,160,523.0,124,7.82,swimming
791,2023-04-02,124,747.0,135,5.34,swimming
792,2023-04-02,18732,1491.6,152,6.79,hiking
793,2023-04-02,5632,681.0,123,8.08,gym_workout
794,2023-04-02,16178,1223.9,150,7.41,hiking
795,2023-04-02,13477,1099.62,168,6.62,running
796,2023-04-02,967,300.0,137,8.1,swimming
797,2023-04-02,8053,964.65,156,4.03,hiking
798,2023-04-02,11708,648.32,82,8.07,walking
799,2023-04-02,5594,352.0,143,5.53,gym_workout
800,2023-04-02,14955,1187.75,119,7.62,hiking
801,2023-04-02,5501,594.06,153,6.1,running
802,2023-04-02,3303,335.0,114,9.15,gym_workout
803,2023-04-02,12096,1482.8,114,5.9,hiking
804,2023-04-02,4018,965.8,122,9.66,cycling
805,2023-04-02,7598,915.88,135,6.35,running
806,2023-04-02,3732,941.2,125,7.95,cycling
807,2023-04-02,117,290.0,99,9.49,yoga
808,2023-04-02,18516,1464.96,166,9.7,running
809,2023-04-02,231,162.0,99,7.68,yoga
810,2023-04-02,426,332.0,141,9.87,swimming
811,2023-04-02,3245,417.8,83,5.61,walking
812,2023-04-02,262,437.0,113,9.8,swimming
813,2023-04-02,12992,1365.6,151,9.67,hiking
814,2023-04-02,429,187.0,73,4.41,yoga
815,2023-04-02,303,275.0,97,8.3,yoga
816,2023-04-02,10362,837.72,151,9.96,running
817,2023-04-02,6741,761.46,152,9.41,running
818,2023-04-02,17636,1339.16,128,6.14,running
819,2023-04-02,2047,867.0,117,7.52,gym_workout
820,2023-04-02,11994,1176.64,161,7.89,running
821,2023-04-02,5227,452.08,96,7.8,walking
822,2023-04-02,406,247.0,72,4.17,yoga
823,2023-04-02,9129,509.16,81,9.59,walking
824,2023-04-02,452,291.0,63,9.41,yoga
825,2023-04-02,132,213.0,85,5.13,yoga
826,2023-04-02,573,367.0,146,6.35,swimming
827,2023-04-02,3791,540.0,106,7.33,gym_workout
828,2023-04-02,3372,247.88,105,5.12,walking
829,2023-04-02,8307,704.42,153,6.31,running
830,2023-04-02,2698,583.0,102,6.95,gym_workout
831,2023-04-02,998,430.0,158,8.57,swimming
832,2023-04-02,2562,385.0,120,9.45,gym_workout
833,2023-04-02,542,341.0,143,9.64,swimming
834,2023-04-02,149,360.0,112,9.34,swimming
835,2023-04-02,13237,636.48,100,5.54,walking
836,2023-04-02,3560,613.0,118,6.61,gym_workout
837,2023-04-02,2968,732.8,114,7.91,cycling
838,2023-04-02,933,756.0,139,7.09,swimming
839,2023-04-02,386,167.0,92,4.31,yoga
840,2023-04-02,12614,1075.84,150,4.55,running
841,2023-04-02,186,284.0,65,5.05,yoga
842,2023-04-02,4478,740.0,135,7.76,gym_workout
843,2023-04-02,107,117.0,91,7.05,yoga
844,2023-04-02,20553,1620.65,128,6.22,hiking
845,2023-04-02,4477,427.0,104,8.85,gym_workout
846,2023-04-02,4384,423.0,111,9.78,gym_workout
847,2023-04-02,3889,311.0,157,9.4,gym_workout
848,2023-04-02,4602,782.0,118,7.88,gym_workout
849,2023-04-02,13411,718.44,96,8.27,walking
850,2023-04-02,11070,1000.2,135,7.14,running
851,2023-04-02,4204,404.16,85,6.59,walking
852,2023-04-02,2398,679.8,143,8.96,cycling
853,2023-04-02,670,490.0,136,7.47,swimming
854,2023-04-02,4666,881.0,148,5.27,gym_workout
855,2023-04-02,4189,844.0,152,9.46,gym_workout
856,2023-04-02,3088,841.0,131,4.21,gym_workout
857,2023-04-02,11735,1143.75,141,8.71,hiking
858,2023-04-02,4011,294.44,104,7.52,walking
859,2023-04-02,135,170.0,70,7.7,yoga
860,2023-04-02,145,202.0,90,7.05,yoga
861,2023-04-02,2621,636.1,118,4.2,cycling
862,2023-04-02,17602,1379.1,141,8.17,hiking
863,2023-04-02,956,532.0,118,9.76,swimming
864,2023-04-02,3609,1053.9,141,5.92,cycling
865,2023-04-02,4547,690.0,145,4.16,gym_workout
866,2023-04-02,361,702.0,116,5.04,swimming
867,2023-04-02,1587,792.7,114,9.52,cycling
868,2023-04-02,2152,863.2,134,4.42,cycling
869,2023-04-02,63,107.0,87,7.78,yoga
870,2023-04-02,12538,685.52,104,9.62,walking
871,2023-04-02,14470,749.8,89,8.94,walking
872,2023-04-02,5559,793.54,129,5.94,running
873,2023-04-02,2838,802.0,149,9.05,gym_workout
874,2023-04-02,11738,981.28,124,4.01,running
875,2023-04-02,448,375.0,157,7.38,swimming
876,2023-04-02,322,454.0,116,8.32,swimming
877,2023-04-02,297,213.0,93,6.31,yoga
878,2023-04-02,5069,376.76,78,9.11,walking
879,2023-04-02,337,766.0,149,5.22,swimming
880,2023-04-02,105,556.0,117,7.23,swimming
881,2023-04-02,496,124.0,96,6.04,yoga
882,2023-04-02,4290,766.0,143,5.36,cycling
883,2023-04-02,4179,790.0,155,8.98,gym_workout
884,2023-04-02,6847,804.82,124,5.61,running
885,2023-04-02,11739,1370.95,137,7.35,hiking
886,2023-04-02,133,223.0,70,5.41,yoga
887,2023-04-02,6936,410.44,71,4.54,walking
888,2023-04-02,14286,736.44,75,8.6,walking
889,2023-04-02,21762,1889.1,134,4.36,hiking
890,2023-04-02,15524,1553.2,139,8.45,hiking
891,2023-04-02,213,300.0,122,8.44,swimming
892,2023-04-02,113,172.0,77,6.78,yoga
893,2023-04-02,22292,1920.6,114,5.2,hiking
894,2023-04-02,2249,534.9,128,4.97,cycling
895,2023-04-02,12489,1026.34,126,6.35,running
896,2023-04-02,915,625.0,132,4.88,swimming
897,2023-04-02,493,238.0,84,8.78,yoga
898,2023-04-02,475,477.0,128,4.48,swimming
899,2023-04-02,14844,1253.2,112,6.29,hiking
900,2023-04-02,15673,1567.65,156,9.43,hiking
901,2023-04-02,3745,842.0,124,9.55,gym_workout
902,2023-04-02,320,269.0,99,4.86,yoga
903,2023-04-02,1104,501.4,104,7.23,cycling
904,2023-04-02,2869,767.9,130,8.13,cycling
905,2023-04-02,18029,1848.45,154,8.87,hiking
906,2023-04-02,17782,1367.1,136,7.22,hiking
907,2023-04-02,384,595.0,138,4.75,swimming
908,2023-04-02,10638,539.52,96,8.31,walking
909,2023-04-02,12517,779.68,105,7.08,walking
910,2023-04-02,358,283.0,88,6.04,yoga
911,2023-04-02,515,462.5,144,7.11,cycling
912,2023-04-02,17222,1688.1,120,9.58,hiking
913,2023-04-02,21611,1690.55,154,9.7,hiking
914,2023-04-02,10017,656.68,81,4.15,walking
915,2023-04-02,894,453.0,114,8.45,swimming
916,2023-04-02,5849,517.0,137,5.52,gym_workout
917,2023-04-02,208,254.0,76,9.45,yoga
918,2023-04-02,10392,604.68,74,8.31,walking
919,2023-04-02,14551,1236.55,151,5.88,hiking
920,2023-04-02,12333,653.32,101,4.52,walking
921,2023-04-02,17674,1449.7,123,7.46,hiking
922,2023-04-02,3038,711.0,123,5.23,gym_workout
923,2023-04-02,4431,1074.1,112,7.08,cycling
924,2023-04-02,3287,782.7,117,5.28,cycling
925,2023-04-02,7865,692.9,166,9.1,running
926,2023-04-02,3003,954.3,101,8.48,cycling
927,2023-04-02,387,164.0,79,5.67,yoga
928,2023-04-02,395,226.0,96,8.49,yoga
929,2023-04-02,4300,986.0,149,7.13,cycling
930,2023-04-02,17894,1833.7,156,7.99,hiking
931,2023-04-02,3938,397.52,83,6.19,walking
932,2023-04-02,6681,475.24,92,9.2,walking
933,2023-04-02,23198,1957.9,118,8.13,hiking
934,2023-04-02,2789,880.9,144,9.41,cycling
935,2023-04-02,5941,748.0,140,5.14,gym_workout
936,2023-04-02,2762,333.0,121,5.63,gym_workout
937,2023-04-02,9552,867.12,147,4.89,running
938,2023-04-02,170,191.0,73,7.64,yoga
939,2023-04-02,851,782.0,134,7.27,swimming
940,2023-04-02,1189,550.0,124,7.75,gym_workout
941,2023-04-02,4228,926.8,106,4.22,cycling
942,2023-04-02,2347,648.7,128,5.19,cycling
943,2023-04-02,981,529.0,138,7.63,swimming
944,2023-04-02,494,315.0,115,7.72,swimming
945,2023-04-02,5858,637.0,154,9.95,gym_workout
946,2023-04-02,1206,683.6,130,6.78,cycling
947,2023-04-02,215,666.0,149,6.27,swimming
948,2023-04-02,2106,546.6,138,9.97,cycling
949,2023-04-02,3161,987.1,136,6.73,cycling
950,2023-04-02,9191,592.64,88,6.69,walking
951,2023-04-02,1332,503.2,134,5.48,cycling
952,2023-04-02,97,101.0,81,5.19,yoga
953,2023-04-02,3768,392.0,132,8.99,gym_workout
954,2023-04-02,5406,806.36,167,8.18,running
955,2023-04-02,2348,399.0,109,9.4,gym_workout
956,2023-04-02,869,446.9,129,8.09,cycling
957,2023-04-02,7146,826.76,169,7.09,running
958,2023-04-02,4708,793.0,100,9.37,gym_workout
959,2023-04-02,2582,946.2,102,6.92,cycling
960,2023-04-02,8768,481.72,71,6.56,walking
961,2023-04-02,3268,304.0,132,7.14,gym_workout
962,2023-04-02,602,647.0,132,4.2,swimming
963,2023-04-02,1237,421.0,146,8.54,gym_workout
964,2023-04-02,838,658.0,135,8.86,swimming
965,2023-04-02,4913,467.0,112,5.04,gym_workout
966,2023-04-02,5689,394.0,105,5.56,gym_workout
967,2023-04-02,8259,1016.95,116,4.92,hiking
968,2023-04-02,486,490.0,126,4.36,swimming
969,2023-04-02,9027,469.08,103,5.89,walking
970,2023-04-02,3150,621.0,157,6.65,gym_workout
971,2023-04-02,398,519.0,133,4.52,swimming
972,2023-04-02,971,313.0,142,8.24,swimming
973,2023-04-02,3023,276.92,98,4.06,walking
974,2023-04-02,62,278.0,65,7.39,yoga
975,2023-04-02,11262,735.48,98,8.63,walking
976,2023-04-02,3484,424.0,130,8.13,gym_workout
977,2023-04-02,349,283.0,91,6.23,yoga
978,2023-04-02,5710,742.6,123,6.03,running
979,2023-04-02,582,707.0,126,5.2,swimming
980,2023-04-02,951,651.1,129,6.04,cycling
981,2023-04-02,12767,675.68,94,4.81,walking
982,2023-04-02,499,294.0,80,4.61,yoga
983,2023-04-02,10056,1010.36,142,4.47,running
984,2023-04-02,18066,1293.96,141,6.75,running
985,2023-04-02,9556,1042.8,131,5.24,hiking
986,2023-04-02,63,150.0,90,7.85,yoga
987,2023-04-02,4708,931.8,118,9.23,cycling
988,2023-04-02,97,278.0,61,7.68,yoga
989,2023-04-02,342,689.0,113,6.09,swimming
990,2023-04-02,5776,360.0,107,7.3,gym_workout
991,2023-04-02,4910,819.0,146,6.8,cycling
992,2023-04-02,1632,661.0,108,8.15,gym_workout
993,2023-04-02,15837,1653.85,155,6.5,hiking
994,2023-04-02,11414,1315.7,159,8.19,hiking
995,2023-04-02,2148,725.8,116,8.85,cycling
996,2023-04-02,11482,1114.1,133,4.41,hiking
997,2023-04-02,324,565.0,112,8.84,swimming
998,2023-04-02,20191,1423.55,156,7.27,hiking
999,2023-04-02,1467,858.0,133,5.44,gym_workout
1000,2023-04-02,3900,1082.0,139,8.79,cycling
1001,2023-04-02,10337,1064.22,120,6.38,running
1002,2023-04-02,5996,353.0,154,6.31,gym_workout
1003,2023-04-02,7472,717.32,157,9.29,running
1004,2023-04-02,10397,546.88,104,6.87,walking
1005,2023-04-02,15479,1445.95,144,8.09,hiking
1006,2023-04-02,4938,1052.8,112,6.96,cycling
1007,2023-04-02,14067,1242.02,133,6.03,running
1008,2023-04-02,1640,522.0,146,6.89,gym_workout
1009,2023-04-02,5930,622.8,151,4.41,running
1010,2023-04-02,139,121.0,66,9.54,yoga
1011,2023-04-02,4892,1061.2,114,9.75,cycling
1012,2023-04-02,1924,748.0,124,7.65,gym_workout
1013,2023-04-02,608,650.0,143,4.84,swimming
1014,2023-04-02,5329,813.0,159,9.61,gym_workout
1015,2023-04-02,215,153.0,63,6.78,yoga
1016,2023-04-02,996,606.0,145,8.1,swimming
1017,2023-04-02,2147,598.7,117,8.8,cycling
1018,2023-04-02,253,257.0,61,7.11,yoga
1019,2023-04-02,278,536.0,147,4.92,swimming
1020,2023-04-02,22395,1928.75,133,9.87,hiking
1021,2023-04-02,6822,452.88,78,5.98,walking
1022,2023-04-02,3579,609.0,154,7.16,gym_workout
1023,2023-04-02,23381,1617.05,115,8.9,hiking
1024,2023-04-02,94,197.0,61,7.42,yoga
1025,2023-04-02,3317,792.7,113,8.48,cycling
1026,2023-04-02,299,253.0,70,9.22,yoga
1027,2023-04-02,552,331.0,155,5.21,swimming
1028,2023-04-02,5169,453.76,73,5.32,walking
1029,2023-04-02,3605,433.2,108,8.59,walking
1030,2023-04-02,4426,306.0,115,4.35,gym_workout
1031,2023-04-02,4992,889.0,148,8.35,gym_workout
1032,2023-04-02,11868,1241.4,158,7.13,hiking
1033,2023-04-02,132,471.0,123,8.83,swimming
1034,2023-04-02,2238,417.0,154,7.1,gym_workout
1035,2023-04-02,8394,1196.7,119,5.99,hiking
1036,2023-04-02,18082,1447.92,156,4.66,running
1037,2023-04-02,900,393.0,144,7.45,swimming
1038,2023-04-02,3979,886.0,123,4.74,gym_workout
1039,2023-04-02,308,464.0,157,9.26,swimming
1040,2023-04-02,11330,1073.8,161,9.64,running
1041,2023-04-02,316,150.0,74,7.6,yoga
1042,2023-04-02,1753,780.3,138,4.65,cycling
1043,2023-04-02,891,374.0,128,5.8,swimming
1044,2023-04-02,14221,693.84,87,7.76,walking
1045,2023-04-02,4597,1046.7,135,4.93,cycling
1046,2023-04-02,9740,925.4,132,8.95,running
1047,2023-04-02,10124,1357.2,141,5.16,hiking
1048,2023-04-02,147,321.0,113,8.01,swimming
1049,2023-04-02,172,285.0,66,5.42,yoga
1050,2023-04-02,4630,419.2,99,4.04,walking
1051,2023-04-02,2851,640.0,130,8.71,gym_workout
1052,2023-04-02,149,369.0,156,7.19,swimming
1053,2023-04-02,13897,693.88,109,6.51,walking
1054,2023-04-02,13494,1051.64,166,8.28,running
1055,2023-04-02,328,297.0,83,7.14,yoga
1056,2023-04-02,196,286.0,96,5.29,yoga
1057,2023-04-02,3383,610.0,139,6.58,gym_workout
1058,2023-04-02,2746,672.6,115,6.0,cycling
1059,2023-04-02,423,108.0,89,5.23,yoga
1060,2023-04-02,23700,1855.0,118,8.43,hiking
1061,2023-04-02,742,686.0,129,4.55,swimming
1062,2023-04-02,4613,819.0,135,8.47,gym_workout
1063,2023-04-02,4101,654.0,113,7.33,gym_workout
1064,2023-04-02,7856,582.24,89,5.41,walking
1065,2023-04-02,7175,1328.75,152,4.14,hiking
1066,2023-04-02,12355,630.2,102,8.49,walking
1067,2023-04-02,13580,1294.8,134,9.94,running
1068,2023-04-02,2842,856.2,132,6.22,cycling
1069,2023-04-02,10272,615.88,93,8.7,walking
1070,2023-04-02,3962,808.2,130,9.21,cycling
1071,2023-04-02,8682,1113.1,151,8.12,hiking
1072,2023-04-02,6787,711.22,164,4.49,running
1073,2023-04-02,19790,1630.5,159,6.84,hiking
1074,2023-04-02,9706,848.36,157,5.96,running
1075,2023-04-02,12394,1103.7,140,5.6,hiking
1076,2023-04-02,3690,373.6,96,6.43,walking
1077,2023-04-02,23983,1967.15,152,4.85,hiking
1078,2023-04-02,174,349.0,159,9.53,swimming
1079,2023-04-02,16056,1252.36,149,5.96,running
1080,2023-04-02,272,263.0,89,7.12,yoga
1081,2023-04-02,6638,386.52,107,6.62,walking
1082,2023-04-02,412,264.0,76,7.91,yoga
1083,2023-04-02,6929,427.16,100,7.78,walking
1084,2023-04-02,1809,613.0,125,6.78,gym_workout
1085,2023-04-02,123,357.0,119,9.76,swimming
1086,2023-04-02,18399,1533.95,130,7.79,hiking
1087,2023-04-02,3088,868.0,150,6.16,gym_workout
1088,2023-04-02,99,263.0,94,7.14,yoga
1089,2023-04-02,16320,1638.0,114,6.82,hiking
1090,2023-04-02,496,496.0,159,8.67,swimming
1091,2023-04-02,2810,735.0,140,5.81,cycling
1092,2023-04-02,659,678.0,137,8.9,swimming
1093,2023-04-02,185,140.0,62,4.86,yoga
1094,2023-04-02,6655,686.3,155,5.12,running
1095,2023-04-02,23395,1764.75,117,8.98,hiking
1096,2023-04-02,10224,927.44,149,7.64,running
1097,2023-04-02,16290,1369.4,158,5.77,running
1098,2023-04-02,19811,1657.55,158,6.34,hiking
1099,2023-04-02,5748,395.0,133,8.84,gym_workout
1100,2023-04-02,59,137.0,70,4.16,yoga
1101,2023-04-02,3947,462.0,113,4.68,gym_workout
1102,2023-04-02,939,778.0,144,5.74,swimming
1103,2023-04-02,20374,1925.7,125,9.86,hiking
1104,2023-04-02,784,567.4,110,7.62,cycling
1105,2023-04-02,24091,1753.55,126,9.56,hiking
1106,2023-04-02,19154,1386.7,159,4.57,hiking
1107,2023-04-02,3576,261.04,89,9.14,walking
1108,2023-04-02,4391,761.1,104,7.62,cycling
1109,2023-04-02,4285,741.0,116,5.39,gym_workout
1110,2023-04-02,233,291.0,66,7.91,yoga
1111,2023-04-02,23178,1957.9,117,7.69,hiking
1112,2023-04-02,8794,860.7,118,5.65,hiking
1113,2023-04-02,1227,552.0,104,5.36,gym_workout
1114,2023-04-02,295,177.0,66,8.68,yoga
1115,2023-04-02,480,187.0,75,5.23,yoga
1116,2023-04-02,4806,852.6,144,9.75,cycling
1117,2023-04-02,10601,1437.05,132,4.9,hiking
1118,2023-04-02,445,421.0,143,5.69,swimming
1119,2023-04-02,1992,617.0,155,8.98,gym_workout
1120,2023-04-02,646,429.0,119,4.01,swimming
1121,2023-04-02,6800,715.0,146,4.96,running
1122,2023-04-02,502,544.0,142,6.53,swimming
1123,2023-04-02,22778,2126.9,111,6.16,hiking
1124,2023-04-02,5266,875.0,122,7.73,gym_workout
1125,2023-04-02,348,219.0,60,8.68,yoga
1126,2023-04-02,942,308.0,122,8.16,swimming
1127,2023-04-02,754,558.0,123,5.35,swimming
1128,2023-04-02,823,449.0,120,9.4,swimming
1129,2023-04-02,11538,603.52,108,7.05,walking
1130,2023-04-02,12381,1117.05,122,5.42,hiking
1131,2023-04-02,14172,734.88,77,4.59,walking
1132,2023-04-02,12791,1427.55,122,9.23,hiking
1133,2023-04-02,10181,870.86,148,4.49,running
1134,2023-04-02,758,642.8,146,4.57,cycling
1135,2023-04-02,2007,755.0,135,5.24,gym_workout
1136,2023-04-02,15631,1189.86,153,5.81,running
1137,2023-04-02,15479,1599.95,118,9.56,hiking
1138,2023-04-02,3262,838.0,138,4.62,gym_workout
1139,2023-04-02,2006,769.0,107,9.09,gym_workout
1140,2023-04-02,338,458.0,118,4.22,swimming
1141,2023-04-02,488,404.0,110,9.47,swimming
1142,2023-04-02,879,689.0,140,4.92,swimming
1143,2023-04-02,6225,479.0,95,8.33,walking
1144,2023-04-02,14542,1591.1,121,7.16,hiking
1145,2023-04-02,3765,1059.5,133,7.04,cycling
1146,2023-04-02,16111,1356.55,139,8.67,hiking
1147,2023-04-02,1576,412.0,138,6.68,gym_workout
1148,2023-04-02,780,709.0,156,9.16,swimming
1149,2023-04-02,3803,302.0,134,9.4,gym_workout
1150,2023-04-02,8780,750.8,123,4.46,running
1151,2023-04-02,4742,748.0,113,5.68,gym_workout
1152,2023-04-02,4381,414.24,92,5.25,walking
1153,2023-04-02,1911,662.0,101,7.69,gym_workout
1154,2023-04-02,2788,815.0,100,9.83,gym_workout
1155,2023-04-02,1359,810.9,148,4.57,cycling
1156,2023-04-02,11370,720.8,82,9.79,walking
1157,2023-04-02,2423,865.0,124,9.75,gym_workout
1158,2023-04-02,9279,617.16,102,5.64,walking
1159,2023-04-02,17503,1760.15,122,7.0,hiking
1160,2023-04-02,4131,723.0,152,8.79,gym_workout
1161,2023-04-02,521,598.0,130,7.42,swimming
1162,2023-04-02,13379,1120.95,152,8.65,hiking
1163,2023-04-02,9857,912.42,154,7.81,running
1164,2023-04-02,161,132.0,88,6.6,yoga
1165,2023-04-02,13929,803.16,79,9.4,walking
1166,2023-04-02,59,288.0,65,9.02,yoga
1167,2023-04-02,7013,411.52,79,7.36,walking
1168,2023-04-02,7762,937.72,128,5.4,running
1169,2023-04-02,13314,1292.84,158,4.66,running
1170,2023-04-02,1905,589.0,158,8.98,gym_workout
1171,2023-04-02,9917,1050.85,116,6.43,hiking
1172,2023-04-02,21795,1600.75,158,4.9,hiking
1173,2023-04-02,4697,826.0,132,4.86,gym_workout
1174,2023-04-02,3607,339.28,72,4.59,walking
1175,2023-04-02,2206,524.0,157,6.91,gym_workout
1176,2023-04-02,3899,470.0,148,7.5,gym_workout
1177,2023-04-02,641,302.0,130,6.29,swimming
1178,2023-04-02,9325,594.0,102,7.51,walking
1179,2023-04-02,12226,716.04,100,4.82,walking
1180,2023-04-02,19435,1445.1,126,4.7,running
1181,2023-04-02,14341,1217.05,155,7.71,hiking
1182,2023-04-02,2238,405.0,115,6.4,gym_workout
1183,2023-04-02,19814,1828.7,147,9.05,hiking
1184,2023-04-02,3619,970.9,116,8.36,cycling
1185,2023-04-02,51,150.0,94,5.93,yoga
1186,2023-04-02,9198,635.92,83,7.65,walking
1187,2023-04-02,15946,1772.3,153,6.99,hiking
1188,2023-04-02,953,409.0,127,8.98,swimming
1189,2023-04-02,467,107.0,93,5.07,yoga
1190,2023-04-02,468,714.0,153,9.27,swimming
1191,2023-04-02,4471,464.84,95,5.31,walking
1192,2023-04-02,24895,1878.75,133,9.51,hiking
1193,2023-04-02,2254,916.4,103,7.9,cycling
1194,2023-04-02,423,410.0,145,6.82,swimming
1195,2023-04-02,11517,978.02,159,9.3,running
1196,2023-04-02,6125,395.0,94,4.46,walking
1197,2023-04-02,113,168.0,69,4.03,yoga
1198,2023-04-02,23338,1801.9,130,5.49,hiking
1199,2023-04-02,4474,587.0,149,5.44,gym_workout
1200,2023-04-02,395,209.0,82,6.11,yoga
1201,2023-04-02,359,408.0,120,8.17,swimming
1202,2023-04-02,13884,673.36,84,8.05,walking
1203,2023-04-02,5080,417.2,106,7.96,walking
1204,2023-04-02,5795,752.7,145,4.87,running
1205,2023-04-02,253,216.0,97,4.37,yoga
1206,2023-04-02,16075,1203.5,133,5.1,running
1207,2023-04-02,12134,610.36,87,7.82,walking
1208,2023-04-02,354,171.0,85,6.24,yoga
1209,2023-04-02,5541,790.0,111,6.94,gym_workout
1210,2023-04-02,7097,1208.85,142,4.53,hiking
1211,2023-04-02,144,775.0,148,8.78,swimming
1212,2023-04-02,162,488.0,116,8.98,swimming
1213,2023-04-02,22592,1753.6,142,5.93,hiking
1214,2023-04-02,986,518.6,131,9.5,cycling
1215,2023-04-02,5821,676.0,114,9.42,gym_workout
1216,2023-04-02,2188,789.0,151,4.7,gym_workout
1217,2023-04-02,574,722.0,132,9.88,swimming
1218,2023-04-02,834,512.0,155,4.66,swimming
1219,2023-04-02,8718,547.72,85,7.48,walking
1220,2023-04-02,12066,705.64,89,5.29,walking
1221,2023-04-02,1019,847.0,126,9.11,gym_workout
1222,2023-04-02,14385,871.4,75,5.01,walking
1223,2023-04-02,496,107.0,68,5.75,yoga
1224,2023-04-02,215,502.0,158,8.63,swimming
1225,2023-04-02,20433,1654.65,113,7.12,hiking
1226,2023-04-02,8155,700.3,150,8.75,running
1227,2023-04-02,19815,1422.9,126,8.84,running
1228,2023-04-02,1026,431.6,106,8.87,cycling
1229,2023-04-02,2722,801.2,135,8.25,cycling
1230,2023-04-02,78,215.0,66,5.09,yoga
1231,2023-04-02,17958,1835.9,135,4.22,hiking
1232,2023-04-02,2308,798.0,134,8.48,gym_workout
1233,2023-04-02,460,688.0,125,4.06,swimming
1234,2023-04-02,114,121.0,83,7.09,yoga
1235,2023-04-02,103,132.0,66,8.81,yoga
1236,2023-04-02,18724,1441.44,142,5.29,running
1237,2023-04-02,2389,620.9,112,8.71,cycling
1238,2023-04-02,3746,623.0,107,9.07,gym_workout
1239,2023-04-02,4154,1026.4,137,7.95,cycling
1240,2023-04-02,7593,506.72,71,5.12,walking
1241,2023-04-02,688,502.0,120,6.72,swimming
1242,2023-04-02,10902,870.12,148,9.48,running
1243,2023-04-02,308,333.0,118,4.96,swimming
1244,2023-04-02,3593,899.3,108,4.73,cycling
1245,2023-04-02,5681,723.86,165,4.23,running
1246,2023-04-02,3563,1049.3,126,4.37,cycling
1247,2023-04-02,2035,790.0,107,9.49,gym_workout
1248,2023-04-02,14106,1297.3,142,6.34,hiking
1249,2023-04-02,8959,626.36,74,4.01,walking
1250,2023-04-02,13455,1293.3,137,8.54,running
1251,2023-04-02,12538,1087.28,127,7.74,running
1252,2023-04-02,1674,444.0,117,9.08,gym_workout
1253,2023-04-02,1569,555.0,111,5.42,gym_workout
1254,2023-04-02,1971,443.0,147,8.3,gym_workout
1255,2023-04-02,277,249.0,78,6.31,yoga
1256,2023-04-02,2605,758.0,113,6.15,gym_workout
1257,2023-04-02,7056,424.24,86,5.37,walking
1258,2023-04-02,8232,1392.6,123,9.8,hiking
1259,2023-04-02,16810,1839.5,158,9.16,hiking
1260,2023-04-02,452,188.0,87,4.31,yoga
1261,2023-04-02,7679,539.16,73,8.41,walking
1262,2023-04-02,12381,1195.05,147,8.21,hiking
1263,2023-04-02,2441,927.1,143,9.96,cycling
1264,2023-04-02,4876,1160.6,139,5.5,cycling
1265,2023-04-02,970,561.0,130,7.3,swimming
1266,2023-04-02,788,721.0,117,9.16,swimming
1267,2023-04-02,3314,530.0,121,7.87,gym_workout
1268,2023-04-02,847,694.7,123,8.58,cycling
1269,2023-04-02,187,586.0,136,4.12,swimming
1270,2023-04-02,5305,581.0,119,9.92,gym_workout
1271,2023-04-02,15442,1164.52,159,8.53,running
1272,2023-04-02,3831,798.1,132,8.35,cycling
1273,2023-04-02,5492,695.0,137,9.29,gym_workout
1274,2023-04-02,10560,555.4,83,9.51,walking
1275,2023-04-02,79,299.0,62,8.02,yoga
1276,2023-04-02,12024,1202.44,144,7.29,running
1277,2023-04-02,12767,1120.02,132,4.39,running
1278,2023-04-02,603,490.0,122,7.71,swimming
1279,2023-04-02,4847,542.0,100,7.49,gym_workout
1280,2023-04-02,21880,1531.0,126,8.75,hiking
1281,2023-04-02,115,473.0,144,9.08,swimming
1282,2023-04-02,3236,982.6,119,4.87,cycling
1283,2023-04-02,995,392.0,117,6.72,swimming
1284,2023-04-02,19274,1614.44,159,9.46,running
1285,2023-04-02,4256,416.0,104,8.14,gym_workout
1286,2023-04-02,19882,1711.1,127,5.18,hiking
1287,2023-04-02,7320,481.8,95,8.73,walking
1288,2023-04-02,16151,1254.55,120,8.05,hiking
1289,2023-04-02,14003,1051.18,150,5.77,running
1290,2023-04-02,13067,1051.02,158,5.6,running
1291,2023-04-02,151,268.0,68,9.67,yoga
1292,2023-04-02,14821,1437.05,152,5.34,hiking
1293,2023-04-02,1691,810.0,134,10.0,gym_workout
1294,2023-04-02,19920,1515.2,143,6.5,running
1295,2023-04-02,18023,1525.38,148,4.62,running
1296,2023-04-02,3993,747.3,120,6.65,cycling
1297,2023-04-02,297,144.0,71,6.46,yoga
1298,2023-04-02,1586,635.6,101,8.84,cycling
1299,2023-04-02,21223,1853.15,127,7.09,hiking
1300,2023-04-02,3197,565.0,111,9.81,gym_workout
1301,2023-04-02,16265,1300.25,140,7.76,hiking
1302,2023-04-02,12973,815.92,79,6.37,walking
1303,2023-04-02,12056,772.24,71,7.54,walking
1304,2023-04-02,7017,417.68,79,5.53,walking
1305,2023-04-02,451,229.0,80,5.12,yoga
1306,2023-04-02,571,446.0,143,9.69,swimming
1307,2023-04-02,13184,665.36,81,7.33,walking
1308,2023-04-02,2928,626.8,130,9.81,cycling
1309,2023-04-02,388,100.0,72,5.7,yoga
1310,2023-04-02,319,185.0,74,4.48,yoga
1311,2023-04-02,4917,845.7,102,6.87,cycling
1312,2023-04-02,15950,1314.5,134,7.57,hiking
1313,2023-04-02,409,505.0,135,6.28,swimming
1314,2023-04-02,357,209.0,74,7.39,yoga
1315,2023-04-02,9315,957.9,136,7.99,running
1316,2023-04-02,8706,529.24,72,8.18,walking
1317,2023-04-02,14073,1139.38,134,4.96,running
1318,2023-04-02,21001,1691.05,140,7.53,hiking
1319,2023-04-02,295,278.0,87,7.92,yoga
1320,2023-04-02,4721,848.0,128,7.06,gym_workout
1321,2023-04-02,21500,1945.0,114,8.7,hiking
1322,2023-04-02,92,276.0,65,9.87,yoga
1323,2023-04-02,8861,1017.66,148,7.43,running
1324,2023-04-02,239,179.0,63,9.48,yoga
1325,2023-04-02,475,220.0,91,9.87,yoga
1326,2023-04-02,10710,680.4,71,7.78,walking
1327,2023-04-02,9037,1035.85,140,5.68,hiking
1328,2023-04-02,2503,584.0,155,5.35,gym_workout
1329,2023-04-02,9700,526.0,89,4.73,walking
1330,2023-04-02,12530,1125.8,151,9.27,running
1331,2023-04-02,4473,759.0,106,5.02,gym_workout
1332,2023-04-02,23311,1977.55,114,9.92,hiking
1333,2023-04-02,7592,915.6,122,5.5,hiking
1334,2023-04-02,17547,1498.82,134,7.62,running
1335,2023-04-02,20449,1878.45,112,8.78,hiking
1336,2023-04-02,14344,696.76,93,7.61,walking
1337,2023-04-02,264,440.0,133,7.36,swimming
1338,2023-04-02,4572,835.2,103,6.36,cycling
1339,2023-04-02,68,220.0,92,6.15,yoga
1340,2023-04-02,604,797.0,124,6.52,swimming
1341,2023-04-02,23702,2034.1,157,6.34,hiking
1342,2023-04-02,1280,721.0,127,5.59,cycling
1343,2023-04-02,5944,646.64,155,9.93,running
1344,2023-04-02,18191,1624.55,120,9.47,hiking
1345,2023-04-02,5489,630.0,151,8.87,gym_workout
1346,2023-04-02,392,526.0,149,8.62,swimming
1347,2023-04-02,14814,1182.84,161,6.83,running
1348,2023-04-02,178,149.0,98,6.51,yoga
1349,2023-04-02,14638,769.52,76,9.81,walking
1350,2023-04-02,9558,977.48,121,6.11,running
1351,2023-04-02,363,275.0,66,5.48,yoga
1352,2023-04-02,10207,546.28,104,6.74,walking
1353,2023-04-02,1740,513.0,103,5.7,cycling
1354,2023-04-02,222,232.0,69,6.23,yoga
1355,2023-04-02,4991,1071.1,123,8.05,cycling
1356,2023-04-02,2211,548.1,108,5.66,cycling
1357,2023-04-02,5418,474.72,86,6.7,walking
1358,2023-04-02,7460,850.6,136,5.74,running
1359,2023-04-02,16039,1398.95,139,7.26,hiking
1360,2023-04-02,8162,621.48,82,7.78,walking
1361,2023-04-02,18507,1483.35,159,9.4,hiking
1362,2023-04-02,3491,876.0,131,9.4,gym_workout
1363,2023-04-02,821,329.0,138,6.82,swimming
1364,2023-04-02,13264,1244.84,132,10.0,running
1365,2023-04-02,574,737.4,112,9.94,cycling
1366,2023-04-02,12064,744.56,78,7.55,walking
1367,2023-04-02,877,698.0,155,4.09,swimming
1368,2023-04-02,838,756.0,115,5.13,swimming
1369,2023-04-02,18643,1535.58,128,5.63,running
1370,2023-04-02,4524,1001.4,134,8.43,cycling
1371,2023-04-02,8101,834.06,139,6.36,running
1372,2023-04-02,16145,1582.25,145,4.09,hiking
1373,2023-04-02,4549,917.9,115,5.79,cycling
1374,2023-04-02,431,235.0,63,7.48,yoga
1375,2023-04-02,11100,597.0,87,6.38,walking
1376,2023-04-02,450,111.0,60,9.58,yoga
1377,2023-04-02,11724,1163.44,127,7.17,running
1378,2023-04-02,392,250.0,76,8.57,yoga
1379,2023-04-02,13880,1544.0,141,9.26,hiking
1380,2023-04-02,766,532.0,117,5.14,swimming
1381,2023-04-02,760,417.0,146,7.44,swimming
1382,2023-04-02,231,798.0,145,7.0,swimming
1383,2023-04-02,1334,414.0,156,7.73,gym_workout
1384,2023-04-02,2044,840.0,137,6.88,gym_workout
1385,2023-04-02,214,399.0,152,8.03,swimming
1386,2023-04-02,436,297.0,68,6.65,yoga
1387,2023-04-02,402,174.0,90,9.31,yoga
1388,2023-04-02,938,615.0,112,6.15,swimming
1389,2023-04-02,1226,403.0,119,8.03,gym_workout
1390,2023-04-02,1003,570.3,148,9.57,cycling
1391,2023-04-02,4072,392.88,98,4.58,walking
1392,2023-04-02,653,518.0,121,8.06,swimming
1393,2023-04-02,18400,1869.0,123,8.05,hiking
1394,2023-04-02,196,775.0,142,6.59,swimming
1395,2023-04-02,707,355.0,131,7.31,swimming
1396,2023-04-02,6803,730.18,134,6.26,running
1397,2023-04-02,57,235.0,76,8.46,yoga
1398,2023-04-02,4912,1151.2,149,8.52,cycling
1399,2023-04-02,8367,859.02,125,5.67,running
1400,2023-04-02,14613,1288.78,130,5.61,running
1401,2023-04-02,625,365.0,113,9.83,swimming
1402,2023-04-02,498,194.0,71,8.68,yoga
1403,2023-04-02,9093,1185.65,152,6.43,hiking
1404,2023-04-02,19391,1596.46,121,7.6,running
1405,2023-04-02,9929,672.16,95,6.34,walking
1406,2023-04-02,1033,580.0,124,4.68,gym_workout
1407,2023-04-02,3551,1046.1,101,4.31,cycling
1408,2023-04-02,15525,1269.5,159,8.77,running
1409,2023-04-02,423,271.0,86,6.28,yoga
1410,2023-04-02,16889,1311.45,113,5.93,hiking
1411,2023-04-02,17969,1669.45,114,7.81,hiking
1412,2023-04-02,1912,746.2,126,4.83,cycling
1413,2023-04-02,4236,869.6,105,5.71,cycling
1414,2023-04-02,3201,879.1,138,9.33,cycling
1415,2023-04-02,16136,1432.16,167,4.78,running
1416,2023-04-02,77,135.0,67,4.33,yoga
1417,2023-04-02,889,766.9,109,6.44,cycling
1418,2023-04-02,14438,1451.9,130,9.27,hiking
1419,2023-04-02,2779,640.9,113,8.17,cycling
1420,2023-04-02,20668,1591.4,123,4.59,hiking
1421,2023-04-02,10779,558.16,92,5.27,walking
1422,2023-04-02,743,747.0,135,9.14,swimming
1423,2023-04-02,4638,1135.8,146,4.93,cycling
1424,2023-04-02,80,188.0,89,8.97,yoga
1425,2023-04-02,5894,815.0,144,7.69,gym_workout
1426,2023-04-02,394,433.0,144,9.3,swimming
1427,2023-04-02,5202,385.08,80,7.71,walking
1428,2023-04-02,10069,1094.14,121,9.4,running
1429,2023-04-02,13046,989.76,160,4.12,running
1430,2023-04-02,301,124.0,88,4.51,yoga
1431,2023-04-02,643,679.0,128,7.76,swimming
1432,2023-04-02,354,153.0,97,7.26,yoga
1433,2023-04-02,24141,1855.05,124,6.21,hiking
1434,2023-04-02,297,237.0,81,9.31,yoga
1435,2023-04-02,4648,841.8,143,7.36,cycling
1436,2023-04-02,6819,491.76,85,8.47,walking
1437,2023-04-02,71,113.0,84,5.18,yoga
1438,2023-04-02,247,588.0,149,7.45,swimming
1439,2023-04-02,4362,392.48,88,5.16,walking
1440,2023-04-02,7740,807.4,159,6.92,running
1441,2023-04-02,13176,1204.56,140,7.2,running
1442,2023-04-02,2350,729.0,118,5.49,cycling
1443,2023-04-02,9685,1014.25,127,8.03,hiking
1444,2023-04-02,121,387.0,128,8.9,swimming
1445,2023-04-02,4210,651.0,139,7.06,gym_workout
1446,2023-04-02,507,503.0,137,8.76,swimming
1447,2023-04-02,5903,412.12,106,8.38,walking
1448,2023-04-02,10594,610.76,72,6.8,walking
1449,2023-04-02,416,650.0,152,8.29,swimming
1450,2023-04-02,9891,529.64,93,4.97,walking
1451,2023-04-02,3171,761.1,127,6.12,cycling
1452,2023-04-02,2847,623.0,149,7.68,gym_workout
1453,2023-04-02,405,220.0,93,9.08,yoga
1454,2023-04-02,14268,1310.08,146,7.85,running
1455,2023-04-02,18685,1321.1,123,5.89,running
1456,2023-04-02,10293,559.72,86,6.7,walking
1457,2023-04-02,10697,1052.85,118,7.84,hiking
1458,2023-04-02,24996,1962.8,113,4.37,hiking
1459,2023-04-02,306,255.0,67,6.58,yoga
1460,2023-04-02,10538,858.28,136,4.28,running
1461,2023-04-02,398,241.0,82,5.55,yoga
1462,2023-04-02,676,464.0,111,5.56,swimming
1463,2023-04-02,860,412.0,121,8.89,swimming
1464,2023-04-02,975,710.0,127,6.92,swimming
1465,2023-04-02,18515,1751.75,129,4.35,hiking
1466,2023-04-02,11018,1018.08,135,9.92,running
1467,2023-04-02,2263,836.3,140,8.02,cycling
1468,2023-04-02,5967,816.02,167,7.49,running
1469,2023-04-02,10774,900.44,169,6.26,running
1470,2023-04-02,13550,1071.0,155,4.93,running
1471,2023-04-02,6892,487.68,80,9.34,walking
1472,2023-04-02,3860,676.0,117,6.25,gym_workout
1473,2023-04-02,10380,1030.8,155,8.82,running
1474,2023-04-02,6807,905.42,138,5.39,running
1475,2023-04-02,691,532.0,129,9.13,swimming
1476,2023-04-02,5354,810.0,145,8.19,gym_workout
1477,2023-04-02,471,198.0,72,7.3,yoga
1478,2023-04-02,2424,746.4,140,4.77,cycling
1479,2023-04-02,385,228.0,81,8.8,yoga
1480,2023-04-02,3298,1015.8,134,5.52,cycling
1481,2023-04-02,2491,550.1,120,4.34,cycling
1482,2023-04-02,10889,979.34,156,7.03,running
1483,2023-04-02,16818,1280.08,127,7.71,running
1484,2023-04-02,8666,553.64,95,4.49,walking
1485,2023-04-02,2541,593.0,110,8.48,gym_workout
1486,2023-04-02,578,483.8,133,6.65,cycling
1487,2023-04-02,640,618.0,141,5.31,swimming
1488,2023-04-02,402,643.0,159,9.3,swimming
1489,2023-04-02,13545,1172.25,150,5.95,hiking
1490,2023-04-02,554,319.0,142,6.1,swimming
1491,2023-04-02,89,138.0,94,9.34,yoga
1492,2023-04-02,149,453.0,127,4.62,swimming
1493,2023-04-02,6264,502.56,82,9.01,walking
1494,2023-04-02,778,640.8,148,6.31,cycling
1495,2023-04-02,4670,334.8,71,9.08,walking
1496,2023-04-02,16042,1364.52,137,4.55,running
1497,2023-04-02,11892,1172.6,119,7.63,hiking
1498,2023-04-02,627,761.0,119,8.37,swimming
1499,2023-04-02,9303,774.18,126,8.66,running
1500,2023-04-02,5279,585.0,146,7.62,gym_workout
1501,2023-04-02,8883,460.32,108,8.71,walking
1502,2023-04-02,20704,1856.2,136,8.19,hiking
1503,2023-04-02,3173,886.0,136,6.28,gym_workout
1504,2023-04-02,311,276.0,62,9.54,yoga
1505,2023-04-02,9900,672.0,79,4.87,walking
1506,2023-04-02,16134,1328.7,124,7.11,hiking
1507,2023-04-02,264,767.0,148,5.91,swimming
1508,2023-04-02,996,372.0,137,8.1,swimming
1509,2023-04-02,227,171.0,73,8.08,yoga
1510,2023-04-02,3631,849.1,124,6.57,cycling
1511,2023-04-02,12369,1291.45,132,4.2,hiking
1512,2023-04-02,19590,1500.4,129,4.75,running
1513,2023-04-02,1259,500.0,116,7.97,gym_workout
1514,2023-04-02,4151,730.0,129,6.89,gym_workout
1515,2023-04-02,3788,863.0,127,4.54,gym_workout
1516,2023-04-02,16800,1255.0,160,9.42,running
1517,2023-04-02,5814,303.0,106,5.64,gym_workout
1518,2023-04-02,4370,548.0,159,6.21,gym_workout
1519,2023-04-02,505,771.0,114,5.5,swimming
1520,2023-04-02,438,572.0,149,5.53,swimming
1521,2023-04-02,6345,798.7,159,4.14,running
1522,2023-04-02,16106,1361.36,131,9.1,running
1523,2023-04-02,111,793.0,147,4.63,swimming
1524,2023-04-02,13145,663.8,86,5.2,walking
1525,2023-04-02,1184,613.4,115,8.13,cycling
1526,2023-04-02,641,636.0,147,4.57,swimming
1527,2023-04-02,5179,605.0,149,8.07,gym_workout
1528,2023-04-02,217,102.0,94,5.47,yoga
1529,2023-04-02,11460,743.4,92,8.53,walking
1530,2023-04-02,1626,657.6,120,6.41,cycling
1531,2023-04-02,421,194.0,97,7.27,yoga
1532,2023-04-02,5316,851.0,144,9.75,gym_workout
1533,2023-04-02,17002,1420.12,155,7.18,running
1534,2023-04-02,11998,735.92,75,6.32,walking
1535,2023-04-02,3341,897.0,117,6.3,gym_workout
1536,2023-04-02,390,204.0,97,5.02,yoga
1537,2023-04-02,3934,336.36,103,5.08,walking
1538,2023-04-02,521,356.0,155,6.63,swimming
1539,2023-04-02,470,208.0,96,5.41,yoga
1540,2023-04-02,18044,1517.2,141,7.7,hiking
1541,2023-04-02,2191,392.0,131,5.67,gym_workout
1542,2023-04-02,163,156.0,62,7.21,yoga
1543,2023-04-02,981,596.0,157,9.21,swimming
1544,2023-04-02,3648,716.8,118,6.4,cycling
1545,2023-04-02,2662,650.2,107,6.17,cycling
1546,2023-04-02,7389,845.45,140,4.99,hiking
1547,2023-04-02,2054,633.4,148,5.23,cycling
1548,2023-04-02,4762,298.48,108,5.27,walking
1549,2023-04-02,9422,773.32,140,9.0,running
1550,2023-04-02,3405,1039.5,145,5.0,cycling
1551,2023-04-02,16142,1324.52,129,8.94,running
1552,2023-04-02,463,106.0,62,5.11,yoga
1553,2023-04-02,3481,709.1,115,7.15,cycling
1554,2023-04-02,3202,706.2,101,6.88,cycling
1555,2023-04-02,13643,812.72,79,6.41,walking
1556,2023-04-02,150,195.0,76,4.01,yoga
1557,2023-04-02,404,761.0,117,4.57,swimming
1558,2023-04-02,2194,445.0,115,9.86,gym_workout
1559,2023-04-02,8273,816.38,167,8.7,running
1560,2023-04-02,2481,349.0,157,5.31,gym_workout
1561,2023-04-02,733,562.0,113,8.76,swimming
1562,2023-04-02,3970,746.0,148,6.42,cycling
1563,2023-04-02,6705,376.2,77,8.31,walking
1564,2023-04-02,239,126.0,69,6.84,yoga
1565,2023-04-02,458,475.0,153,7.55,swimming
1566,2023-04-02,391,497.0,120,4.89,swimming
1567,2023-04-02,408,722.0,126,9.83,swimming
1568,2023-04-02,330,231.0,67,5.62,yoga
1569,2023-04-02,6679,733.74,140,9.13,running
1570,2023-04-02,24422,2167.1,115,4.12,hiking
1571,2023-04-02,191,133.0,75,7.36,yoga
1572,2023-04-02,289,167.0,86,8.03,yoga
1573,2023-04-02,19386,1618.16,160,5.18,running
1574,2023-04-02,3008,547.0,105,7.63,gym_workout
1575,2023-04-02,372,638.0,159,4.48,swimming
1576,2023-04-02,169,122.0,91,4.2,yoga
1577,2023-04-02,418,110.0,72,5.43,yoga
1578,2023-04-02,504,355.4,100,8.24,cycling
1579,2023-04-02,6198,711.88,156,8.32,running
1580,2023-04-02,5169,458.76,101,8.73,walking
1581,2023-04-02,5641,590.0,152,9.63,gym_workout
1582,2023-04-02,2444,789.0,117,6.12,gym_workout
1583,2023-04-02,9205,935.3,126,9.24,running
1584,2023-04-02,2371,856.1,108,4.8,cycling
1585,2023-04-02,8906,796.36,164,8.76,running
1586,2023-04-02,4523,872.0,105,6.54,gym_workout
1587,2023-04-02,8797,558.88,99,7.15,walking
1588,2023-04-02,11268,720.72,108,5.05,walking
1589,2023-04-02,743,603.0,140,8.93,swimming
1590,2023-04-02,16270,1699.5,147,4.77,hiking
1591,2023-04-02,2774,898.4,120,6.3,cycling
1592,2023-04-02,1131,747.0,116,8.37,gym_workout
1593,2023-04-02,4764,355.56,109,5.78,walking
1594,2023-04-02,1311,481.1,136,7.29,cycling
1595,2023-04-02,13051,992.06,159,8.58,running
1596,2023-04-02,4072,768.2,103,8.72,cycling
1597,2023-04-02,7589,444.56,109,8.45,walking
1598,2023-04-02,1296,561.0,116,7.37,gym_workout
1599,2023-04-02,12267,1113.02,168,8.93,running
1600,2023-04-02,293,421.0,111,5.2,swimming
1601,2023-04-02,24130,1644.5,113,4.15,hiking
1602,2023-04-02,9958,915.48,131,5.37,running
1603,2023-04-02,407,225.0,66,9.75,yoga
1604,2023-04-02,2652,692.0,115,8.68,gym_workout
1605,2023-04-02,214,178.0,70,6.71,yoga
1606,2023-04-02,486,197.0,67,9.06,yoga
1607,2023-04-02,11921,599.84,82,8.87,walking
1608,2023-04-02,10165,1276.25,118,4.78,hiking
1609,2023-04-02,3999,441.0,135,5.33,gym_workout
1610,2023-04-02,237,206.0,97,5.37,yoga
1611,2023-04-02,9693,636.72,78,9.48,walking
1612,2023-04-02,7278,752.68,125,4.15,running
1613,2023-04-02,159,115.0,86,6.22,yoga
1614,2023-04-02,4545,371.8,106,7.7,walking
1615,2023-04-02,16112,1307.72,165,6.59,running
1616,2023-04-02,14950,1202.0,130,8.82,running
1617,2023-04-02,7698,803.88,159,5.44,running
1618,2023-04-02,19895,1474.75,117,7.53,hiking
1619,2023-04-02,237,613.0,122,6.97,swimming
1620,2023-04-02,4694,1011.4,119,9.28,cycling
1621,2023-04-02,23129,1870.45,152,6.61,hiking
1622,2023-04-02,3070,919.0,139,5.49,cycling
1623,2023-04-02,243,781.0,152,8.68,swimming
1624,2023-04-02,4113,762.3,146,7.87,cycling
1625,2023-04-02,3694,1061.4,128,5.82,cycling
1626,2023-04-02,10308,648.32,86,5.46,walking
1627,2023-04-02,2843,862.0,158,8.52,gym_workout
1628,2023-04-02,24552,1649.6,146,8.75,hiking
1629,2023-04-02,10229,879.74,152,4.25,running
1630,2023-04-02,21078,1969.9,146,5.58,hiking
1631,2023-04-02,5632,645.0,128,4.1,gym_workout
1632,2023-04-02,3881,270.24,85,7.28,walking
1633,2023-04-02,111,170.0,82,5.66,yoga
1634,2023-04-02,1349,673.9,131,7.89,cycling
1635,2023-04-02,2614,625.4,117,7.97,cycling
1636,2023-04-02,12426,683.04,92,9.28,walking
1637,2023-04-02,584,782.0,145,8.45,swimming
1638,2023-04-02,13700,691.0,99,4.66,walking
1639,2023-04-02,243,231.0,87,7.06,yoga
1640,2023-04-02,1204,482.0,153,6.95,gym_workout
1641,2023-04-02,421,214.0,67,9.44,yoga
1642,2023-04-02,14379,1523.95,142,4.29,hiking
1643,2023-04-02,295,157.0,72,7.32,yoga
1644,2023-04-02,8833,910.65,116,5.77,hiking
1645,2023-04-02,1099,623.9,108,7.9,cycling
1646,2023-04-02,7411,827.66,155,8.97,running
1647,2023-04-02,11342,1443.1,114,9.24,hiking
1648,2023-04-02,180,722.0,110,5.19,swimming
1649,2023-04-02,7630,845.8,130,6.58,running
1650,2023-04-02,3912,492.0,100,4.97,gym_workout
1651,2023-04-02,2996,963.6,117,5.55,cycling
1652,2023-04-02,1422,632.2,139,7.85,cycling
1653,2023-04-02,400,295.0,67,4.8,yoga
1654,2023-04-02,20556,1983.8,126,9.71,hiking
1655,2023-04-02,15734,1222.04,160,4.67,running
1656,2023-04-02,5236,401.44,84,6.53,walking
1657,2023-04-02,13005,664.2,76,4.65,walking
1658,2023-04-02,4746,1029.6,113,4.53,cycling
1659,2023-04-02,11509,914.54,155,8.42,running
1660,2023-04-02,3105,538.0,116,9.37,gym_workout
1661,2023-04-02,2706,646.6,111,7.95,cycling
1662,2023-04-02,1646,599.6,128,6.52,cycling
1663,2023-04-02,12545,790.8,105,4.93,walking
1664,2023-04-02,9715,1318.75,122,6.11,hiking
1665,2023-04-02,4520,1027.0,138,5.55,cycling
1666,2023-04-02,7892,436.68,78,6.85,walking
1667,2023-04-02,7056,552.24,73,7.11,walking
1668,2023-04-02,13640,711.6,81,6.1,walking
1669,2023-04-02,5575,765.0,149,8.57,gym_workout
1670,2023-04-02,3585,495.0,158,9.05,gym_workout
1671,2023-04-02,595,538.0,131,6.71,swimming
1672,2023-04-02,69,294.0,62,9.84,yoga
1673,2023-04-02,7653,955.18,148,6.2,running
1674,2023-04-02,15848,1267.88,146,8.86,running
1675,2023-04-02,176,296.0,79,8.78,yoga
1676,2023-04-02,7367,425.68,83,6.49,walking
1677,2023-04-02,360,746.0,114,8.88,swimming
1678,2023-04-02,12625,1170.5,155,5.99,running
1679,2023-04-02,12675,1101.75,122,8.59,hiking
1680,2023-04-02,136,431.0,116,4.88,swimming
1681,2023-04-02,8261,932.66,167,7.38,running
1682,2023-04-02,496,439.0,138,5.98,swimming
1683,2023-04-02,9676,653.04,109,5.48,walking
1684,2023-04-02,6311,494.44,86,9.81,walking
1685,2023-04-02,9170,1013.5,158,4.12,hiking
1686,2023-04-02,3181,418.0,142,9.57,gym_workout
1687,2023-04-02,4921,805.1,132,4.58,cycling
1688,2023-04-02,106,591.0,138,7.73,swimming
1689,2023-04-02,9142,991.52,148,7.97,running
1690,2023-04-02,8697,568.88,74,7.9,walking
1691,2023-04-02,3704,851.4,146,5.31,cycling
1692,2023-04-02,385,243.0,76,7.15,yoga
1693,2023-04-02,244,281.0,79,4.94,yoga
1694,2023-04-02,21127,2012.35,120,7.21,hiking
1695,2023-04-02,14506,1226.36,151,4.68,running
1696,2023-04-02,5066,584.0,118,6.2,gym_workout
1697,2023-04-02,278,247.0,83,5.52,yoga
1698,2023-04-02,6803,725.18,150,6.58,running
1699,2023-04-02,11012,574.48,106,8.67,walking
1700,2023-04-02,4339,368.56,85,5.75,walking
1701,2023-04-02,897,767.0,117,9.82,swimming
1702,2023-04-02,1543,328.0,121,4.17,gym_workout
1703,2023-04-02,9637,1164.85,110,9.86,hiking
1704,2023-04-02,376,127.0,65,5.67,yoga
1705,2023-04-02,342,180.0,62,4.04,yoga
1706,2023-04-02,962,693.0,122,4.18,swimming
1707,2023-04-02,16101,1404.06,132,4.53,running
1708,2023-04-02,888,554.0,129,9.11,swimming
1709,2023-04-02,24022,1602.1,158,6.91,hiking
1710,2023-04-02,11565,1168.25,155,4.41,hiking
1711,2023-04-02,3728,583.0,145,9.2,gym_workout
1712,2023-04-02,156,638.0,110,9.83,swimming
1713,2023-04-02,5723,352.92,74,8.28,walking
1714,2023-04-02,19746,1402.76,169,6.52,running
1715,2023-04-02,5708,435.32,73,7.69,walking
1716,2023-04-02,11281,1037.86,121,7.17,running
1717,2023-04-02,12634,1572.7,114,8.09,hiking
1718,2023-04-02,2936,748.6,139,5.35,cycling
1719,2023-04-02,15631,1489.55,159,6.38,hiking
1720,2023-04-02,14525,811.0,103,9.74,walking
1721,2023-04-02,20915,1495.75,126,9.57,hiking
1722,2023-04-02,398,415.0,138,6.6,swimming
1723,2023-04-02,13328,684.12,108,9.84,walking
1724,2023-04-02,527,591.7,138,8.16,cycling
1725,2023-04-02,3799,792.9,145,9.97,cycling
1726,2023-04-02,16095,1387.7,168,4.55,running
1727,2023-04-02,1643,685.0,108,5.53,gym_workout
1728,2023-04-02,20786,1469.3,150,6.99,hiking
1729,2023-04-02,11368,705.72,90,9.75,walking
1730,2023-04-02,2778,679.0,154,4.64,gym_workout
1731,2023-04-02,6713,847.78,166,8.12,running
1732,2023-04-02,10320,1473.0,129,7.97,hiking
1733,2023-04-02,227,292.0,79,7.29,yoga
1734,2023-04-02,104,194.0,76,4.87,yoga
1735,2023-04-02,153,642.0,117,5.53,swimming
1736,2023-04-02,4845,812.0,153,6.77,gym_workout
1737,2023-04-02,4771,326.84,93,6.98,walking
1738,2023-04-02,5009,460.36,74,8.51,walking
1739,2023-04-02,9367,588.68,76,4.44,walking
1740,2023-04-02,344,609.0,111,8.1,swimming
1741,2023-04-02,8293,874.58,161,5.25,running
1742,2023-04-02,13471,779.84,105,7.79,walking
1743,2023-04-02,348,191.0,93,7.47,yoga
1744,2023-04-02,13526,689.04,93,5.72,walking
1745,2023-04-02,3869,891.9,146,7.05,cycling
1746,2023-04-02,223,590.0,157,8.43,swimming
1747,2023-04-02,9543,968.58,169,7.48,running
1748,2023-04-02,364,121.0,89,9.1,yoga
1749,2023-04-02,799,523.0,115,6.67,swimming
1750,2023-04-02,5391,374.64,103,9.99,walking
1751,2023-04-02,447,150.0,81,8.57,yoga
1752,2023-04-02,17471,1637.55,147,7.09,hiking
1753,2023-04-02,12905,745.2,107,4.25,walking
1754,2023-04-02,978,326.0,127,8.88,swimming
1755,2023-04-02,107,516.0,136,6.93,swimming
1756,2023-04-02,895,724.0,146,7.08,swimming
1757,2023-04-02,24136,1769.8,139,4.27,hiking
1758,2023-04-02,23208,1829.4,137,9.34,hiking
1759,2023-04-02,6046,435.84,89,6.5,walking
1760,2023-04-02,2805,607.0,155,8.17,gym_workout
1761,2023-04-02,3556,360.0,135,4.71,gym_workout
1762,2023-04-02,13771,726.84,80,8.1,walking
1763,2023-04-02,1462,760.2,105,7.37,cycling
1764,2023-04-02,1199,658.9,143,4.88,cycling
1765,2023-04-02,883,305.0,132,6.41,swimming
1766,2023-04-02,10675,687.0,85,5.36,walking
1767,2023-04-02,4844,890.4,134,8.3,cycling
1768,2023-04-02,19038,1371.9,136,7.78,hiking
1769,2023-04-02,4135,793.5,125,7.01,cycling
1770,2023-04-02,622,418.0,151,6.19,swimming
1771,2023-04-02,154,175.0,67,7.09,yoga
1772,2023-04-02,7269,565.76,70,8.86,walking
1773,2023-04-02,3730,366.2,103,5.73,walking
1774,2023-04-02,2374,925.4,137,9.51,cycling
1775,2023-04-02,15003,1489.15,112,6.42,hiking
1776,2023-04-02,10276,667.04,94,7.93,walking
1777,2023-04-02,13912,1662.6,132,6.92,hiking
1778,2023-04-02,2004,411.0,144,6.94,gym_workout
1779,2023-04-02,7789,806.34,157,8.57,running
1780,2023-04-02,259,262.0,97,5.84,yoga
1781,2023-04-02,15625,1219.5,138,7.28,running
1782,2023-04-02,193,133.0,66,8.64,yoga
1783,2023-04-02,5145,451.0,125,8.83,gym_workout
1784,2023-04-02,1950,558.0,121,7.25,cycling
1785,2023-04-02,13699,1390.95,134,9.98,hiking
1786,2023-04-02,6027,594.62,139,7.96,running
1787,2023-04-02,8772,636.88,76,4.94,walking
1788,2023-04-02,145,139.0,67,8.35,yoga
1789,2023-04-02,352,112.0,73,8.77,yoga
1790,2023-04-02,447,280.0,90,7.34,yoga
1791,2023-04-02,2611,311.0,105,8.37,gym_workout
1792,2023-04-02,1033,600.3,142,5.97,cycling
1793,2023-04-02,310,392.0,158,5.8,swimming
1794,2023-04-02,120,157.0,91,8.53,yoga
1795,2023-04-02,249,479.0,130,5.12,swimming
1796,2023-04-02,3529,898.9,112,4.62,cycling
1797,2023-04-02,842,478.0,127,7.28,swimming
1798,2023-04-02,361,281.0,75,5.44,yoga
1799,2023-04-02,968,360.0,142,8.11,swimming
1800,2023-04-02,12490,778.6,83,5.58,walking
1801,2023-04-02,5422,538.32,160,6.84,running
1802,2023-04-02,1622,667.2,142,6.05,cycling
1803,2023-04-02,18919,1544.14,134,5.1,running
1804,2023-04-02,248,277.0,75,8.07,yoga
1805,2023-04-02,160,642.0,126,4.86,swimming
1806,2023-04-02,19535,1470.1,158,9.19,running
1807,2023-04-02,5129,607.74,166,4.81,running
1808,2023-04-02,933,648.0,148,6.26,swimming
1809,2023-04-02,738,379.8,112,5.62,cycling
1810,2023-04-02,9051,573.04,79,6.83,walking
1811,2023-04-02,405,587.0,153,6.13,swimming
1812,2023-04-02,3654,711.4,121,7.39,cycling
1813,2023-04-02,480,247.0,68,4.73,yoga
1814,2023-04-02,4401,960.1,114,8.35,cycling
1815,2023-04-02,375,392.0,115,8.43,swimming
1816,2023-04-02,117,240.0,60,5.38,yoga
1817,2023-04-02,2314,740.4,147,5.51,cycling
1818,2023-04-02,9132,908.92,132,4.5,running
1819,2023-04-02,11840,1339.0,152,8.7,hiking
1820,2023-04-02,3142,674.0,143,5.86,gym_workout
1821,2023-04-02,376,116.0,83,9.04,yoga
1822,2023-04-02,340,169.0,93,5.61,yoga
1823,2023-04-02,3281,711.0,113,5.58,gym_workout
1824,2023-04-02,10399,1065.95,116,8.8,hiking
1825,2023-04-02,2217,566.7,131,7.62,cycling
1826,2023-04-02,912,754.0,134,9.65,swimming
1827,2023-04-02,14219,1197.95,136,6.67,hiking
1828,2023-04-02,4161,364.44,106,4.19,walking
1829,2023-04-02,18961,1808.05,136,4.98,hiking
1830,2023-04-02,138,105.0,89,5.61,yoga
1831,2023-04-02,15870,1292.2,127,4.64,running
1832,2023-04-02,11930,1050.5,129,5.05,hiking
1833,2023-04-02,5861,493.0,151,6.36,gym_workout
1834,2023-04-02,306,186.0,89,5.17,yoga
1835,2023-04-02,16055,1396.75,131,4.58,hiking
1836,2023-04-02,320,326.0,146,6.38,swimming
1837,2023-04-02,14289,1374.45,141,5.63,hiking
1838,2023-04-02,305,218.0,89,7.56,yoga
1839,2023-04-02,18949,1792.45,150,6.98,hiking
1840,2023-04-02,6448,679.88,147,6.68,running
1841,2023-04-02,98,234.0,77,5.81,yoga
1842,2023-04-02,1179,517.9,121,6.7,cycling
1843,2023-04-02,1144,532.0,127,5.69,gym_workout
1844,2023-04-02,2688,721.8,118,6.87,cycling
1845,2023-04-02,13658,841.32,83,8.78,walking
1846,2023-04-02,707,536.0,154,4.98,swimming
1847,2023-04-02,142,179.0,89,7.0,yoga
1848,2023-04-02,268,278.0,64,7.29,yoga
1849,2023-04-02,12242,665.68,105,9.8,walking
1850,2023-04-02,8622,626.88,85,5.65,walking
1851,2023-04-02,860,554.0,142,6.48,swimming
1852,2023-04-02,140,246.0,83,6.07,yoga
1853,2023-04-02,6868,638.08,142,6.46,running
1854,2023-04-02,395,276.0,98,8.8,yoga
1855,2023-04-02,4698,1149.8,137,7.51,cycling
1856,2023-04-02,310,115.0,67,9.99,yoga
1857,2023-04-02,10261,516.44,82,7.3,walking
1858,2023-04-02,10532,851.92,140,7.15,running
1859,2023-04-02,17662,1386.72,121,8.9,running
1860,2023-04-02,455,231.0,82,9.13,yoga
1861,2023-04-02,11857,1353.85,145,7.03,hiking
1862,2023-04-02,1079,694.9,101,6.14,cycling
1863,2023-04-02,14559,840.36,107,9.89,walking
1864,2023-04-02,695,438.5,148,5.38,cycling
1865,2023-04-02,3782,712.2,147,9.06,cycling
1866,2023-04-02,606,509.0,120,4.34,swimming
1867,2023-04-02,129,113.0,75,8.92,yoga
1868,2023-04-02,266,296.0,99,7.58,yoga
1869,2023-04-02,21759,1726.95,135,6.29,hiking
1870,2023-04-02,3219,865.9,130,8.28,cycling
1871,2023-04-02,326,687.0,149,9.04,swimming
1872,2023-04-02,208,244.0,99,4.22,yoga
1873,2023-04-02,438,793.0,129,5.34,swimming
1874,2023-04-02,2522,886.0,101,7.45,gym_workout
1875,2023-04-02,7581,565.24,87,4.77,walking
1876,2023-04-02,2912,535.0,132,5.5,gym_workout
1877,2023-04-02,8587,547.48,101,8.24,walking
1878,2023-04-02,174,224.0,83,5.93,yoga
1879,2023-04-02,553,615.0,121,7.44,swimming
1880,2023-04-02,258,299.0,86,4.8,yoga
1881,2023-04-02,21212,1809.6,130,7.56,hiking
1882,2023-04-02,4748,712.0,146,8.01,gym_workout
1883,2023-04-02,561,406.0,130,9.43,swimming
1884,2023-04-02,5791,458.0,129,7.85,gym_workout
1885,2023-04-02,10322,686.88,90,9.45,walking
1886,2023-04-02,15198,1352.88,146,6.02,running
1887,2023-04-02,291,279.0,92,7.76,yoga
1888,2023-04-02,6470,409.8,109,7.47,walking
1889,2023-04-02,13187,1034.22,149,9.61,running
1890,2023-04-02,92,140.0,81,9.53,yoga
1891,2023-04-02,2225,722.5,131,8.78,cycling
1892,2023-04-02,7646,1068.3,153,6.19,hiking
1893,2023-04-02,5830,453.2,94,4.26,walking
1894,2023-04-02,7015,408.6,89,4.66,walking
1895,2023-04-02,4233,896.0,133,4.79,gym_workout
1896,2023-04-02,7751,1159.55,123,7.42,hiking
1897,2023-04-02,317,572.0,143,6.74,swimming
1898,2023-04-02,4860,812.0,134,8.63,cycling
1899,2023-04-02,4984,1022.4,137,8.96,cycling
1900,2023-04-02,75,219.0,62,5.69,yoga
1901,2023-04-02,2336,610.6,148,9.95,cycling
1902,2023-04-02,942,629.0,136,5.74,swimming
1903,2023-04-02,350,266.0,96,6.26,yoga
1904,2023-04-02,10732,1103.92,160,9.82,running
1905,2023-04-02,670,641.0,112,4.44,swimming
1906,2023-04-02,15011,1129.66,120,4.73,running
1907,2023-04-02,14942,1324.52,121,4.74,running
1908,2023-04-02,18340,1478.4,155,6.43,running
1909,2023-04-02,11930,625.2,83,7.0,walking
1910,2023-04-02,15971,1409.26,158,6.1,running
1911,2023-04-02,9707,632.28,84,5.88,walking
1912,2023-04-02,519,361.9,123,8.93,cycling
1913,2023-04-02,4027,1015.7,145,9.23,cycling
1914,2023-04-02,14451,683.04,102,6.95,walking
1915,2023-04-02,13743,1293.15,134,4.55,hiking
1916,2023-04-02,272,103.0,79,9.45,yoga
1917,2023-04-02,283,176.0,65,6.6,yoga
1918,2023-04-02,6675,558.0,92,7.92,walking
1919,2023-04-02,11515,1007.75,131,9.4,hiking
1920,2023-04-02,11888,621.52,89,4.7,walking
1921,2023-04-02,5266,306.0,117,8.62,gym_workout
1922,2023-04-02,9618,1309.9,138,6.6,hiking
1923,2023-04-02,2149,549.9,115,9.46,cycling
1924,2023-04-02,901,637.1,121,8.15,cycling
1925,2023-04-02,1544,788.0,123,7.95,gym_workout
1926,2023-04-02,14929,1318.74,137,5.48,running
1927,2023-04-02,190,185.0,65,7.47,yoga
1928,2023-04-02,275,112.0,70,7.94,yoga
1929,2023-04-02,4687,429.0,135,9.11,gym_workout
1930,2023-04-02,4595,316.8,98,6.81,walking
1931,2023-04-02,1007,601.7,101,9.65,cycling
1932,2023-04-02,1403,619.0,104,5.24,gym_workout
1933,2023-04-02,977,688.0,144,7.97,swimming
1934,2023-04-02,7193,894.58,141,5.14,running
1935,2023-04-02,577,620.0,154,7.09,swimming
1936,2023-04-02,15298,1653.9,125,5.16,hiking
1937,2023-04-02,9005,915.3,169,8.38,running
1938,2023-04-02,10461,1095.05,151,8.32,hiking
1939,2023-04-02,448,469.0,122,7.17,swimming
1940,2023-04-02,13174,720.96,71,6.22,walking
1941,2023-04-02,1347,798.7,119,4.53,cycling
1942,2023-04-02,16848,1709.4,112,7.64,hiking
1943,2023-04-02,308,428.0,111,5.31,swimming
1944,2023-04-02,1451,554.1,115,5.66,cycling
1945,2023-04-02,74,255.0,60,6.15,yoga
1946,2023-04-02,6711,859.66,136,6.57,running
1947,2023-04-02,16042,1452.52,164,8.13,running
1948,2023-04-02,273,267.0,61,8.74,yoga
1949,2023-04-02,359,244.0,87,5.8,yoga
1950,2023-04-02,255,239.0,80,6.0,yoga
1951,2023-04-02,3640,945.0,149,7.25,cycling
1952,2023-04-02,2191,595.1,136,5.24,cycling
1953,2023-04-02,500,514.0,129,7.68,swimming
1954,2023-04-02,12763,1612.15,129,9.46,hiking
1955,2023-04-02,2409,586.0,118,4.35,gym_workout
1956,2023-04-02,1748,474.8,147,6.54,cycling
1957,2023-04-02,343,142.0,66,7.36,yoga
1958,2023-04-02,518,487.0,149,6.98,swimming
1959,2023-04-02,5852,882.0,124,9.72,gym_workout
